CG1869-PA,0.0811
CG12002-PA,0.014925
CG7254-PA,0.0514
CG7555-PC,0.411925
CG6588-PB,1.1266
CG9775-PA,0.0669
CG7434-PA,0.4903
CG5094-PA,0.9883
DECOY0_CG11148_15597,0.0565
DECOY0_CG2691_17727,0.7637
DECOY1_CG4211_18162,0.5664
CG8416-PA,0.4266
CG3762-PB,1.5856066666666666
DECOY1_CG2189_11282,0.8131
CG12740-PC,0.5159750000000001
CG6214-PC,1.3872999999999998
DECOY0_CG33316_3059,0.0802
CG7605-PA,0.36487368421052635
CG17654-PC,1.00348
CG9325-PB,1.7677333333333332
CG10206-PA,1.6617000000000002
CG4634-PA,0.4783
DECOY1_CG7507_8030,0.8563000000000001
DECOY0_CG32505_18789,0.2437
CG5605-PF,0.10115
DECOY0_CG3431_8781,0.0804
DECOY1_CG6066_14712,0.1061
CG4003-PA,0.0555
CG32138-PB,1.3497
DECOY0_CG7881_3413,0.3203
CG17060-PA,0.3759986842105263
CG6058-PB,0.7174125
CG4921-PA,0.36367368421052637
CG4225-PA,4.5536
DECOY1_CG2621_16280,0.2583
CG9492-PA,0.4393
CG7461-PA,3.1968
CG11416-PA,0.0605
CG18402-PA,5.5415
CG14996-PB,5.8882
CG5119-PC,0.5085875
DECOY0_CG13331_4927,0.221
CG40084-PC,5.58875
CG6964-PB,0.02215
CG6963-PD,0.36246
DECOY1_CG8601_8348,0.5205
CG6058-PE,0.7174125
DECOY0_CG18497_51,0.3872
CG33123-PA,0.4116
CG6214-PJ,1.3872999999999998
CG1821-PC,0.4106333333333333
CG7235-PA,0.59904
DECOY0_CG6384_12715,0.0856
CG7734-PA,0.17515
CG8177-PI,0.8642444444444444
CG3157-PA,0.0816
DECOY1_CG31116_12124,0.2719
CG4203-PA,0.1069
CG12334-PA,0.1964
CG11844-PB,0.04623333333333333
CG3821-PA,2.8446
CG8258-PA,1.8069
CG9899-PA,0.1248
CG5436-PA,0.18087570850202428
DECOY0_CG12052_4333,0.004276923076923077
CG7269-PA,0.017066666666666667
CG8443-PA,0.9675
CG14728-PA,0.2378
CG31211-PA,0.1591
CG12121-PA,0.9964
DECOY0_CG12052_4329,0.004276923076923077
CG2060-PA,0.0502
DECOY0_CG17034_4899,0.0278
CG1539-PB,0.16315
DECOY1_CG14583_18912,0.1883
CG3664-PE,0.47868333333333335
DECOY0_CG3522_7037,0.1083
DECOY1_CG15541_15274,0.5156
CG9983-PC,0.28035
DECOY0_CG2926_11051,1.1689
CG1683-PB,0.08188333333333334
CG17759-PE,0.5838183333333333
CG9999-PA,0.9866
CG10918-PA,0.02725
CG1883-PD,1.57065
CG10944-PB,1.1554166666666668
CG5411-PB,0.19834000000000002
CG12610-PA,0.123
CG9261-PA,2.5263999999999998
DECOY1_CG9374_12466,0.015325
DECOY0_CG2681_16291,0.056
CG4294-PA,0.0605
CG3671-PC,0.6664
CG6686-PA,0.2342
DECOY1_CG10724_9368,0.7067
DECOY0_CG32063_8929,0.1007
CG4881-PA,0.33380000000000004
CG6453-PA,2.0869999999999997
CG6410-PA,0.1233
CG7341-PB,0.4403
CG6095-PB,0.037
CG9916-PA,4.253566666666667
CG10186-PC,0.02845
CG9977-PA,2.935966666666667
CG15442-PA,2.2922
CG6680-PB,0.4804
CG3422-PA,1.6224
CG13109-PA,0.1759
DECOY0_CG32529_18719,0.0755
CG8799-PA,0.1246625
CG31169-PA,0.18795
DECOY1_CG17514_19102,0.0793
CG33456-PA,0.8985
DECOY1_CG9655_10180,0.19385
CG5028-PA,0.3451
CG14299-PA,0.0638
CG9633-PA,0.35319999999999996
DECOY0_CG1487_15463,0.1096
CG3424-PA,3.9942499999999996
CG12602-PA,0.3322333333333333
CG9750-PA,0.8088
CG6058-PA,0.7174125
CG11140-PA,0.285
DECOY1_CG4551_2390,0.2523
CG4389-PC,0.5351
DECOY0_CG32346_7215,0.47775
DECOY0_CG33184_4987,0.9088
CG8067-PA,0.1938
DECOY1_CG30460_5590,0.07815
CG30360-PA,0.3488
DECOY1_CG6896_10102,0.2452
CG7622-PC,0.048275
CG1742-PB,0.4987
CG3161-PB,0.491025
DECOY0_CG10844_3941,0.31535
DECOY1_CG8457_4622,0.8457
CG9092-PA,0.2332
DECOY1_CG32019_15590,0.28025
CG9412-PA,0.19934000000000002
DECOY0_CG10701_17051,0.09543333333333333
CG9177-PG,0.12928571428571428
CG2852-PA,1.96045
CG4062-PA,0.62805
DECOY1_CG6923_12112,0.16349999999999998
CG6638-PA,0.0872
CG9990-PB,0.605
CG2204-PH,0.45921333333333336
CG5499-PA,0.2524
CG31635-PA,0.357
DECOY1_CG6813_12080,0.0962
CG10062-PA,5.944500000000001
DECOY0_CG32032_8697,0.0806
CG15693-PA,1.7407
DECOY1_CG11835_118,0.1539
CG18549-PA,0.5155
DECOY0_CG10244_14389,0.0674
DECOY0_CG10743_9399,0.0662
CG3320-PB,1.3836486842105262
CG8300-PA,1.0717
CG8029-PB,0.9993000000000001
DECOY0_CG32052_8857,0.1618
DECOY1_CG6297_8998,0.274
CG11466-PA,0.4835
DECOY1_CG33340_14212,0.158
CG1971-PA,0.0578
CG1883-PC,1.57065
DECOY1_CG33280_8262,0.1808
DECOY0_CG11321_1127,0.051
CG16711-PB,0.22835
CG11880-PC,0.33873333333333333
CG13124-PB,0.03445
CG4898-PB,0.333
CG10033-PI,0.035275
CG5061-PA,4.8719
DECOY1_CG4673_14472,0.1508
CG4464-PC,0.5299
CG8588-PD,0.07545
CG6084-PB,0.4995
DECOY0_CG15766_16641,0.1613
DECOY0_CG3992_12859,0.0686
CG7536-PB,0.4077
CG6534-PA,0.3779
CG6214-PF,1.3872999999999998
CG10120-PA,0.39815
CG9911-PD,0.028125
CG5586-PB,0.4397
DECOY0_CG5996_2647,0.2796
CG4080-PA,0.7448
DECOY1_CG31218_12242,0.0647
CG11822-PB,0.49605
DECOY1_CG2943_11430,0.7151
CG6718-PC,0.025733333333333334
CG9267-PA,0.2198
CG3380-PA,1.4408
DECOY0_CG10376_2859,0.1965
CG9901-PA,1.4876
DECOY1_CG3163_6918,0.4236
CG7104-PA,0.0986
CG6126-PA,3.6239
DECOY1_CG4877_9806,0.0698
CG7073-PE,0.7338799999999999
CG8428-PB,0.56986
CG10595-PA,0.016866666666666665
CG11624-PB,0.3534857142857143
CG11655-PA,0.9987
CG10247-PA,0.1028
CG14411-PA,0.02925
DECOY0_CG3152_3473,0.1014
CG9153-PA,0.053
CG14977-PA,0.9473
CG1691-PE,0.14939249999999998
CG3312-PA,0.1756
DECOY0_CG12052_4331,0.004276923076923077
CG6214-PG,1.3872999999999998
CG7736-PB,0.28606666666666664
DECOY0_CG4792_13917,0.1186
CG7415-PB,0.3566
CG17032-PA,0.3495
CG4001-PA,0.038266666666666664
DECOY1_CG14585_10036,0.4607
CG1317-PB,0.3852
CG31012-PA,0.244475
CG12065-PB,0.132625
DECOY1_CG1625_4144,0.1447
CG14767-PA,0.2898
DECOY1_CG2488_3134,0.0736
CG5405-PB,0.06673333333333333
DECOY0_CG5094_2753,0.7582
CG3523-PA,1.9058000000000002
CG3644-PB,1.8798
CG5320-PB,0.342925
CG10960-PC,0.6545000000000001
CG15667-PB,0.13475
CG12013-PB,0.9635
CG7555-PD,0.411925
CG13393-PA,0.9987
CG14232-PA,0.1132
CG14792-PD,1.6278000000000001
DECOY0_CG13185_4557,0.1752
CG4898-PA,1.1293
CG7917-PA,0.9943
CG14354-PA,0.0945
CG13391-PA,0.5103
CG4140-PA,0.6359
CG5353-PB,0.7229
CG1475-PB,1.8086
CG8912-PA,0.020033333333333334
CG5686-PA,0.0784
CG14997-PA,0.0765
CG11906-PA,0.1085
CG32422-PA,0.1066
CG32671-PA,0.08030000000000001
DECOY0_CG12366_5019,0.1784
CG7824-PA,0.1565
DECOY1_CG6533_8626,0.0853
CG6946-PB,0.48175
CG10373-PA,1.9745
DECOY1_CG2747_11452,0.1474
CG1691-PH,0.14939249999999998
CG17723-PB,0.3992
CG7073-PB,0.7338799999999999
DECOY1_CG6695_14264,0.1636
CG1803-PD,0.017525
DECOY1_CG4699_12814,0.1311
CG11567-PA,0.9877499999999999
CG10364-PA,0.5789
CG2216-PE,0.33443999999999996
DECOY0_CG13661_14385,0.0914
CG5977-PB,0.05395
CG8256-PB,0.0375
CG6335-PB,0.2132
CG4908-PA,0.0468
CG18102-PA,0.019885714285714284
CG9302-PA,0.4404
CG12047-PA,0.0199
DECOY1_CG7415_11508,0.2961
CG7734-PB,0.17515
CG2934-PA,1.9716
CG8201-PA,0.0973
CG2993-PA,0.4687
DECOY1_CG2861_16520,0.3914
CG4303-PA,0.3833
CG17678-PA,0.07135
DECOY0_CG1411_11047,0.0999
CG8243-PA,0.0529
DECOY1_CG30460_5588,0.07815
CG15684-PA,0.5315
CG18617-PA,6.227683333333333
CG33208-PC,0.1437904761904762
CG3164-PA,1.3946375
CG1822-PC,0.0324
CG8715-PC,0.3266
CG30263-PA,0.0815
CG12002-PD,0.014925
CG8542-PA,4.4887
CG6028-PB,0.2848
CG11522-PA,0.4996
CG16779-PA,0.1688
CG11700-PA,0.3534857142857143
DECOY0_CG6203_11841,0.4014
CG9248-PB,0.4992
DECOY0_CG9363_11705,0.0682
CG3576-PB,0.13305
CG31793-PA,0.4322958333333333
CG7830-PA,2.0474
CG4147-PA,2.8776403238866397
CG10545-PC,0.6021666666666666
CG17870-PF,0.30101666666666665
CG3937-PA,1.5974000000000002
CG5605-PB,0.10115
CG1395-PA,0.1002
CG1709-PD,1.3006744047619048
CG6141-PB,0.9114
CG11140-PH,0.285
CG15224-PE,0.052259999999999994
DECOY0_CG11231_15593,0.3978
CG13570-PA,0.1616
CG8439-PA,0.7736000000000001
DECOY0_CG40225_19007,0.0691
CG8937-PC,0.18627435897435898
CG2168-PD,0.6370666666666667
CG12204-PA,0.3716
CG33253-PA,0.49885
CG11140-PC,0.285
CG11414-PA,0.14
CG17759-PB,0.5838183333333333
CG1716-PA,0.2699
DECOY0_CG1966_15437,0.0737
CG5826-PA,0.953
CG31196-PA,2.3943916666666665
DECOY1_CG3349_9536,0.0571
CG17381-PA,0.1072
CG3725-PD,0.5472125000000001
DECOY0_CG6500_18515,0.0997
DECOY0_CG10011_14887,0.0635
DECOY1_CG30491_3700,0.2196
CG14685-PA,0.032966666666666665
CG4118-PB,0.09675
CG5605-PC,0.10115
CG7578-PA,0.02865
CG1697-PA,0.09053333333333334
CG8416-PB,0.4266
DECOY1_CG5170_5858,0.03866666666666667
CG11624-PC,0.3534857142857143
DECOY1_CG14656_10928,0.698
CG7269-PC,0.017066666666666667
CG4153-PA,0.2018
DECOY0_CG4849_14849,0.4101
DECOY1_CG14064_14870,0.054
DECOY0_CG9117_991,0.0655
CG1803-PA,0.017525
CG11505-PC,0.03553333333333333
CG10737-PA,0.19505
DECOY1_CG32750_16682,0.2197
CG6744-PA,0.1675
CG32417-PA,0.1315
CG6489-PA,0.1293757085020243
CG33113-PF,0.9396
CG1630-PB,0.0264
CG3664-PF,0.47868333333333335
CG9459-PA,0.0638
CG5594-PB,1.8426749999999998
CG3108-PA,0.1144
CG1524-PB,1.1193000000000002
CG6476-PB,1.33975
CG31611-PA,0.248025
DECOY1_CG1399_3712,0.2669
DECOY1_CG9164_17928,0.1085
DECOY0_CG10741_9395,0.4098
CG7838-PA,0.1496
CG1309-PA,0.4542
DECOY0_CG4699_12813,0.1808
CG2852-PB,0.96375
CG10975-PB,0.60165
CG3367-PA,0.0944
CG5639-PA,0.3502
CG14062-PA,0.9712
CG4147-PD,2.8776403238866397
CG8302-PA,0.0629
DECOY0_CG13124_1667,0.3358
CG3725-PF,0.5472125000000001
CG4108-PA,0.3464
CG2216-PD,0.82954
CG12065-PD,0.132625
CG8186-PA,0.5352
DECOY1_CG5627_17894,0.4663
DECOY0_CG6203_11843,0.4014
CG1009-PA,0.04493333333333333
CG8177-PA,0.8642444444444444
CG12749-PB,0.6184
DECOY1_CG30376_3852,0.1
CG15143-PA,0.0712
CG4772-PA,0.1671
CG16896-PA,0.0651
CG32145-PA,0.1546
CG2204-PB,0.45921333333333336
DECOY1_CG10079_6368,0.0713
CG1519-PB,0.5359
CG15894-PA,0.1811
CG2929-PA,1.0164666666666666
CG10737-PB,0.19505
CG9446-PB,0.32203333333333334
CG9412-PC,0.19934000000000002
CG11448-PA,0.0981
CG8251-PC,0.3276
DECOY0_CG3664_375,0.09353333333333334
CG11372-PA,0.9831
DECOY0_CG13109_1567,0.1093
CG4829-PB,0.9687333333333332
CG3314-PD,0.6157666666666666
CG14322-PA,0.1565
DECOY0_CG11180_6195,0.0524
DECOY1_CG6490_14606,0.0677
CG17841-PA,0.2311
CG33129-PE,0.49515
CG14472-PA,0.8569
CG8893-PB,4.5628
CG7558-PA,0.9587
CG14662-PA,0.0559
CG6718-PB,0.025733333333333334
DECOY1_CG11814_7538,0.2859
DECOY1_CG10903_11454,0.5205
DECOY1_CG10489_8150,0.1446
DECOY1_CG1658_14922,0.06735
CG40263-PB,0.30995
CG33187-PD,0.2128
CG1873-PC,1.4251
CG31289-PA,0.1534
DECOY1_CG17211_2102,0.3754
CG9359-PA,0.7072595238095238
CG5345-PA,1.9224
CG9748-PA,2.0662545454545453
DECOY1_CG32574_18250,0.2922
CG5341-PA,0.0616
CG3314-PA,0.6157666666666666
CG5854-PA,0.1648
DECOY0_CG4793_2565,0.1252
DECOY0_CG4673_14471,0.416
CG32000-PA,0.0201
CG11154-PB,1.9678
DECOY1_CG4957_1762,0.0531
CG8385-PA,0.5324033333333333
CG1539-PE,0.16315
DECOY0_CG9896_6661,0.2346
CG6686-PB,0.2342
CG7255-PA,0.01708
CG14514-PA,0.0504
DECOY0_CG5248_13891,0.1713
CG8280-PA,4.33115
CG17352-PA,0.04443333333333333
CG6964-PC,0.02215
CG1803-PC,0.017525
CG5525-PA,1.4288
CG9128-PA,0.1798
CG2835-PA,1.6329166666666666
DECOY1_CG4979_12878,0.4691
CG6058-PG,0.7174125
CG31652-PA,0.151
CG17166-PA,0.0702
CG7255-PD,0.01708
CG31012-PC,0.244475
CG4928-PA,0.4405
DECOY0_CG18076_4979,0.06163333333333334
DECOY1_CG33144_4374,0.1989
DECOY0_CG16858_817,0.1169
DECOY1_CG10584_10506,0.0676
CG12012-PA,0.9846
CG4584-PB,0.7151
CG2986-PA,0.2227
CG5374-PA,0.49605
CG30054-PA,0.09981
CG1709-PC,0.6656710714285714
DECOY1_CG10698_9230,0.5434
CG15211-PA,2.9251
CG4307-PA,0.296
CG5119-PD,0.5085875
CG31605-PD,0.4603111111111111
CG10279-PF,0.09035454545454545
CG3203-PB,0.245525
CG2212-PB,0.028
CG17230-PA,0.07575
CG3576-PA,0.13305
CG2028-PA,0.10383333333333333
DECOY1_CG4165_16578,0.32235
DECOY0_CG12373_4775,0.4418
CG9148-PC,0.9704666666666667
DECOY0_CG10212_5151,0.0548
CG1709-PB,1.3006744047619048
CG5670-PH,3.8758017857142866
CG2691-PA,0.2666
CG6775-PA,0.14945
DECOY0_CG8222_1395,0.05343333333333333
CG10007-PA,0.2836
DECOY0_CG3776_7131,0.3875
CG3401-PA,0.44652619047619047
CG3059-PB,0.4988
CG11148-PC,0.06983333333333333
DECOY1_CG9374_12464,0.015325
CG1391-PB,0.19526666666666667
CG1630-PA,0.0264
CG8439-PB,0.7736000000000001
CG4145-PC,0.13223333333333334
CG2987-PB,0.06855
DECOY1_CG6192_1966,0.0948
CG6625-PA,2.5211
CG5789-PA,4.0305
CG11143-PA,1.0535
CG7961-PB,0.8834500000000001
DECOY0_CG6146_17915,0.5249
DECOY1_CG7085_350,0.0803
DECOY1_CG7347_10068,0.0536
CG17870-PG,0.30101666666666665
CG6796-PA,0.0721
CG2849-PB,1.7135333333333336
CG4244-PC,0.017533333333333335
CG6214-PD,1.3872999999999998
CG5338-PB,0.6718
CG18255-PF,0.0921
CG2925-PA,0.0932
DECOY0_CG15510_15085,0.2818
CG10279-PD,0.09035454545454545
CG4071-PB,0.6084499999999999
CG3725-PC,0.5472125000000001
CG7478-PA,1.08112
DECOY1_CG5746_14204,0.1362
CG4993-PB,1.3692
DECOY1_CG1233_7250,0.051
CG6963-PC,0.36246
CG13605-PA,0.6684
CG7113-PA,7.2254000000000005
CG10079-PB,0.05085
CG10277-PC,0.2849333333333333
DECOY1_CG6322_9994,0.0608
CG8364-PA,0.03425
CG31884-PB,0.4986
CG7033-PC,1.5922666666666665
CG9564-PA,0.0915
DECOY1_CG33106_14186,0.1538
CG4904-PA,1.7416
CG8900-PA,1.47425
CG6775-PB,0.14945
DECOY0_CG8222_1393,0.05343333333333333
CG32190-PA,0.9902
DECOY0_CG1707_3623,0.4604
CG8732-PA,0.2806
DECOY0_CG4281_16167,0.1125
CG2124-PA,0.6365
CG32855-PA,0.113
CG11286-PA,0.0894
CG8416-PE,0.4266
DECOY1_CG1856_15406,0.1328
CG4027-PB,3.058280952380952
CG15697-PA,0.49935
CG11963-PA,0.9966
CG4212-PB,0.6714736842105263
DECOY1_CG17569_7734,0.076
DECOY1_CG14804_16124,0.2206
DECOY1_CG33187_11676,0.1169
CG13024-PA,0.1512
CG8601-PA,0.2276
CG10652-PA,0.7648999999999999
CG31209-PA,0.8446
CG1572-PB,0.3291
DECOY0_CG5345_5901,0.21610000000000001
CG6199-PB,0.4859
CG9216-PA,0.2167
CG9277-PA,2.0907261904761905
DECOY0_CG32374_8407,0.0724
CG2050-PA,0.9427
DECOY1_CG6977_12144,0.1762
CG8367-PD,0.03963333333333333
CG7939-PB,0.21816666666666665
DECOY0_CG16905_11807,0.1373
CG1681-PA,0.9882
CG2137-PA,0.4278
DECOY0_CG6744_12041,0.0976
CG3267-PA,0.0645
CG32138-PA,1.3497
CG12530-PA,1.10185
CG2916-PA,0.33046666666666663
CG6988-PB,0.49985
CG5921-PB,0.16665
CG5834-PA,0.1293757085020243
CG30116-PB,0.1205
CG8107-PA,0.33253333333333335
CG4559-PB,0.3328666666666667
DECOY1_CG9410_3486,0.055
CG8367-PA,0.03963333333333333
CG15828-PB,0.03685
CG1651-PB,0.434025
CG8732-PB,0.2806
DECOY1_CG5248_13894,0.0274
CG8222-PE,2.2438933333333333
DECOY1_CG32511_18864,0.0596
CG9244-PB,0.6756
CG10527-PA,2.9863999999999997
CG6450-PC,0.9794
DECOY0_CG13917_7435,0.0711
CG17202-PA,0.9766
CG7275-PA,0.8132
CG4230-PA,0.0576
CG3057-PB,0.01735
CG8036-PD,1.1181
CG9261-PC,1.5614999999999999
CG1891-PB,0.07215
DECOY1_CG3523_534,0.1365
CG2861-PA,0.2132
CG31537-PA,0.0647
CG10103-PA,0.9434
CG3395-PA,2.4733833333333335
DECOY0_CG8799_4069,0.059
DECOY0_CG6303_11881,0.0554
DECOY0_CG17241_13939,0.1401
CG11098-PB,0.29305
CG13008-PA,0.0522
CG7176-PG,0.8984714285714286
CG14030-PA,0.1843
CG18250-PC,0.3234666666666667
DECOY1_CG32982_1562,0.7121
CG5119-PA,0.5085875
CG5320-PE,0.342925
CG3664-PB,0.47868333333333335
CG1371-PA,1.8313000000000001
DECOY1_CG9368_10244,0.16185
CG3644-PA,1.8798
CG3057-PC,0.01735
CG6291-PA,0.8663
CG7555-PB,0.411925
CG7625-PA,0.9929
DECOY1_CG6868_14278,0.0752
DECOY1_CG14142_9028,0.3028
CG8532-PE,0.012320000000000001
CG3161-PC,0.491025
CG2412-PA,0.0829
CG8983-PA,6.74375
CG3158-PA,0.162
CG1884-PB,0.1092
DECOY1_CG14226_18684,0.0701
CG10277-PB,0.2849333333333333
CG1691-PF,0.14939249999999998
CG5353-PA,0.7229
CG10701-PG,0.34131
CG1453-PE,0.15042
CG9553-PA,0.405325
CG1572-PA,0.3291
CG31299-PA,0.03595
DECOY0_CG7895_13703,0.2615
CG3849-PA,2.216
DECOY1_CG7225_6002,0.0749
CG31924-PA,0.3794
DECOY0_CG2694_16295,0.03835
CG8177-PJ,0.7220444444444445
DECOY0_CG5644_8671,0.0741
CG6963-PA,0.36246
CG5887-PB,0.19741999999999998
CG6214-PO,1.3872999999999998
CG12559-PB,0.025033333333333335
CG18331-PA,0.1141
CG9575-PA,1.0846736842105265
CG2903-PC,0.017766666666666667
CG2493-PA,4.5291
DECOY1_CG6838_10738,0.0781
CG9775-PC,0.0669
DECOY0_CG13539_6695,0.1361
CG6335-PA,0.2132
CG3664-PA,0.47868333333333335
DECOY0_CG3664_379,0.09353333333333334
DECOY1_CG31009_15086,0.2041
CG9369-PA,0.3553
CG14271-PB,0.3328
CG14487-PA,0.062
CG3421-PA,0.0918
CG15811-PA,4.7981
CG3379-PB,0.248025
CG5594-PC,2.797625
CG5482-PA,0.9883
DECOY0_CG16973_7613,0.04325
DECOY0_CG3632_18141,0.4397
DECOY0_CG18076_4977,0.06163333333333334
CG4944-PC,0.10376666666666667
DECOY0_CG17282_13635,0.0524
CG2903-PA,0.017766666666666667
CG6684-PA,1.12195
CG1891-PA,0.07215
CG31605-PG,0.4603111111111111
CG2033-PE,0.705085
DECOY0_CG14395_12303,0.5764
CG4574-PB,0.12538
DECOY0_CG8830_4691,0.7707
CG4921-PC,0.36367368421052637
CG3204-PA,2.7898
CG8288-PA,0.0841
CG4993-PA,1.3692
CG12403-PA,0.69824
DECOY1_CG11334_15372,0.1213
CG6199-PA,0.4859
DECOY0_CG7660_13117,0.1158
DECOY0_CG9248_3221,0.3472
DECOY1_CG6445_9968,0.196
DECOY1_CG11081_15616,0.09255
CG8428-PE,0.56986
DECOY1_CG14880_12920,0.3477
DECOY1_CG7549_11478,0.0864
DECOY1_CG12921_4220,0.0861
DECOY0_CG2662_16287,0.0632
CG9946-PA,0.9459
CG2995-PA,0.5229
DECOY1_CG10073_6026,0.0633
CG4675-PB,0.3595
CG1263-PB,1.0806
CG10969-PA,0.0582
CG2702-PA,0.0652
DECOY1_CG9216_18116,0.06255
CG1358-PA,0.3332
CG4226-PA,0.0747
CG8874-PA,0.6719
CG11390-PA,0.6329
CG4898-PC,0.04595
CG6510-PA,0.5498
DECOY1_CG4894_2582,0.6754
CG14617-PB,0.09415
DECOY1_CG1725_17414,0.018675
CG41141-PA,0.1893
CG9968-PB,0.49945
CG10999-PA,0.29525
CG11140-PG,0.285
CG9322-PA,0.7017
CG6543-PA,0.8069500000000001
CG17246-PB,0.2594
DECOY0_CG18768_8425,0.0555
CG7085-PA,0.7846
DECOY1_CG2087_11014,0.3927
CG8367-PB,0.03963333333333333
CG4001-PC,0.038266666666666664
CG12559-PC,0.025033333333333335
CG15266-PA,0.0531
CG7334-PB,0.499
CG3314-PC,0.6157666666666666
CG1883-PA,1.57065
CG3395-PD,2.4733833333333335
CG6718-PD,0.025733333333333334
CG9769-PA,0.5756
CG2168-PB,1.5046666666666666
CG4399-PB,0.0731
DECOY0_CG11245_17565,0.1272
DECOY1_CG7094_2768,0.2957
CG2033-PC,0.705085
CG7364-PA,4.3808
CG2093-PA,2.8952
CG6946-PA,0.48175
CG8733-PA,0.099
CG10068-PA,0.3364
CG8177-PH,0.8642444444444444
DECOY1_CG7834_15072,0.07
DECOY0_CG4877_9807,0.0874
CG9277-PC,1.0960261904761903
CG17246-PC,0.2594
CG4173-PA,1.3291666666666666
CG5355-PA,0.4479
CG32356-PB,0.0776
CG1691-PB,0.1278125
DECOY0_CG12641_17249,0.0871
CG6424-PA,0.0442
CG7756-PA,0.05255263157894737
CG11050-PB,0.22793333333333332
CG5237-PA,0.1232
DECOY0_CG12052_4351,0.004276923076923077
CG1884-PA,0.1092
CG32825-PA,0.04785
CG4046-PA,2.7602
CG6455-PA,0.1731
CG12359-PA,0.1562
DECOY0_CG6701_4999,0.3464
CG9701-PA,0.0514
DECOY1_CG7842_9940,0.3232
CG9121-PA,0.078
CG10033-PH,0.035275
CG7008-PA,5.143
CG5502-PA,3.8931
DECOY0_CG12052_4341,0.004276923076923077
CG2789-PA,0.9991
CG31299-PB,0.03595
DECOY0_CG7578_2317,0.0817
CG9216-PC,0.2167
CG8839-PC,0.8534999999999999
DECOY1_CG30165_7000,0.101
CG10185-PA,0.1725
CG12323-PB,0.1394
DECOY1_CG8434_5376,0.0686
DECOY0_CG9012_18027,0.06085
DECOY1_CG33204_14926,0.1618
CG3937-PC,0.49285
DECOY1_CG4989_5716,0.0859
DECOY0_CG3367_16725,0.1077
CG16998-PA,0.2055
CG4759-PA,0.6266
DECOY1_CG8085_5004,0.14115
CG31605-PE,0.4603111111111111
CG4244-PA,0.017533333333333335
DECOY0_CG5729_5809,0.0598
DECOY1_CG4554_6546,0.401
CG6647-PA,4.379099999999999
CG9193-PA,0.99865
CG5695-PA,0.14395
CG7834-PA,0.49625
DECOY1_CG9374_12460,0.015325
CG5654-PA,0.0523
CG33103-PA,0.0391
DECOY0_CG32201_10097,0.6224
CG8900-PB,1.47425
CG3969-PA,0.0257
DECOY1_CG4894_2584,0.6754
CG7808-PD,1.6128666666666664
CG17489-PC,1.4948333333333332
DECOY0_CG12052_4335,0.004276923076923077
CG7739-PA,2.8712999999999997
CG7800-PA,2.7884
CG31111-PA,0.0801
CG17593-PA,0.17
DECOY0_CG4057_6961,0.3564
CG8472-PA,2.5011
CG7536-PA,0.4077
CG9148-PA,0.9704666666666667
CG33142-PC,0.22715
CG7610-PA,0.4376333333333333
CG7998-PA,0.1688
DECOY1_CG31349_11598,0.49193333333333333
CG40153-PA,0.0588
CG15148-PA,0.0894
DECOY0_CG1705_17459,0.901
CG4912-PA,0.03085
CG4226-PB,0.0747
DECOY0_CG15104_5965,0.0546
CG6148-PA,3.2213000000000003
CG5261-PB,0.2843
CG18102-PB,0.019885714285714284
CG1084-PA,1.182
CG12740-PD,0.5159750000000001
CG12918-PA,0.9962
CG7726-PA,0.9995
DECOY0_CG8057_4021,0.1546
CG8083-PB,0.017499999999999998
CG3793-PA,0.0658
DECOY1_CG1725_17412,0.018675
DECOY1_CG10718_3088,0.228
CG4096-PA,0.0624
CG31617-PA,0.9878
CG3416-PA,0.5931
CG1318-PA,0.32243333333333335
CG6448-PA,0.3743
CG31169-PB,0.18795
CG12876-PA,0.9074
CG7734-PC,0.17515
CG8127-PB,0.0858
DECOY1_CG31423_13796,0.6846
CG5227-PB,0.018525
CG2885-PA,0.08030000000000001
DECOY0_CG40072_19139,0.1242
CG8310-PA,0.06
CG6395-PB,0.9997
CG10561-PA,0.2037
DECOY0_CG14829_8333,0.4691
CG5746-PB,0.03405
CG3861-PA,0.34635
CG5605-PA,0.10115
DECOY1_CG5083_12856,0.0666
CG15735-PA,0.3466
CG5746-PA,0.03405
CG1515-PA,0.5128
DECOY1_CG7471_8012,0.5681
CG10360-PA,1.9569999999999999
CG11567-PB,0.9877499999999999
CG10631-PA,0.5112
CG17569-PB,0.02765
CG1358-PC,0.3332
CG32245-PC,0.0775
CG31924-PB,0.3794
CG9983-PB,0.28035
CG14767-PB,0.2898
CG5915-PA,4.598
CG3152-PA,0.4182
DECOY0_CG12052_4327,0.2647769230769231
DECOY1_CG11419_5664,0.1234
CG17544-PB,0.3236
CG10701-PE,0.34131
CG17665-PA,0.06245
CG5411-PA,0.19834000000000002
DECOY1_CG7029_13930,0.1132
CG4178-PA,0.8526
DECOY1_CG3917_18640,0.0506
CG1469-PC,1.1996666666666667
DECOY0_CG9403_3467,0.4117
CG1009-PB,0.04493333333333333
CG10545-PE,0.6021666666666666
CG2171-PB,0.3142
DECOY1_CG8562_8378,0.3952
CG17665-PB,0.06245
CG8156-PC,0.39016
CG10033-PF,0.0551
CG10978-PA,0.3524
CG2238-PC,3.2639666666666667
CG8156-PE,0.39016
CG32593-PB,1.4583166666666665
CG6680-PA,0.4804
DECOY1_CG4599_2636,0.0799
CG33129-PC,0.49515
DECOY0_CG9752_6323,0.0609
CG5447-PA,0.0852
CG3991-PA,0.1532
CG8385-PB,0.5324033333333333
CG11793-PA,1.9932
CG5170-PD,0.27843333333333337
CG2216-PB,0.82954
CG11267-PA,0.9964
DECOY1_CG17689_9396,0.4756
CG7736-PE,0.28606666666666664
DECOY1_CG7152_10662,0.2576
CG8399-PA,0.3691
DECOY0_CG2694_16293,0.03835
CG17544-PC,0.3236
CG4878-PA,0.49415
CG7349-PA,0.0835
CG9272-PA,0.0512
DECOY0_CG8869_789,0.0604
CG8200-PB,5.77065
CG7986-PB,0.15553333333333333
CG3379-PA,0.248025
CG11098-PA,0.29305
CG12324-PA,0.45816
CG8771-PA,0.6906
CG1349-PA,0.2472
CG13217-PA,0.1295
CG1837-PA,0.8844
DECOY1_CG8545_4700,0.1081
CG4747-PA,1.9938
CG8222-PA,2.2438933333333333
DECOY1_CG11006_9292,0.0266
DECOY0_CG18103_1375,0.1574
CG1347-PA,0.06605
DECOY0_CG7400_1859,0.0962
CG3038-PA,0.3204
CG17370-PC,0.03843333333333333
CG31012-PD,0.244475
CG12749-PA,0.6184
CG12223-PE,0.03846
CG5730-PD,0.2498
CG17209-PA,0.3928
CG2204-PA,0.45921333333333336
CG1065-PA,1.9842
CG14341-PA,0.05415
CG11880-PB,0.33873333333333333
CG3320-PA,4.379848684210526
CG5174-PJ,0.3191333333333333
DECOY0_CG12132_17139,0.2974
CG9506-PA,0.1262
DECOY1_CG5323_5894,0.0537
CG18803-PA,1.4373
CG10602-PC,0.0824
CG14206-PC,0.93055
CG8340-PA,0.9844
CG3633-PA,0.2165
DECOY1_CG32030_8634,0.6066
CG6058-PC,0.7174125
DECOY1_CG10625_8090,0.05715
CG6964-PD,0.02215
CG4097-PA,0.2844
CG9075-PB,0.487575
DECOY0_CG4665_8703,0.2938
CG2986-PC,0.2227
CG1524-PA,1.1193000000000002
DECOY1_CG31795_178,0.1001
DECOY0_CG5588_14789,0.074
DECOY0_CG10205_5147,0.0889
CG3038-PB,0.3204
CG8581-PA,1.10165
CG14736-PB,0.16296666666666668
CG4609-PB,1.07725
CG4082-PA,0.0945
CG6673-PB,0.5938
CG6647-PB,4.379099999999999
CG9446-PA,0.32203333333333334
CG31915-PA,0.8633
CG33157-PA,0.0332
CG14657-PB,0.362
CG31792-PA,0.1246625
CG16901-PA,0.6656666666666666
DECOY1_CG4133_102,0.4476
CG12055-PA,3.683
CG12085-PA,0.0734
CG11015-PA,0.2107
DECOY1_CG4049_6954,0.3424
CG10978-PB,0.3524
CG33487-PA,0.19736
CG17352-PB,0.04443333333333333
DECOY1_CG7036_7184,0.3703
DECOY0_CG9664_557,0.0819
DECOY0_CG33158_9817,0.1781
CG33297-PB,0.31553333333333333
CG18815-PA,0.33266666666666667
DECOY0_CG32855_12877,0.1934
CG9911-PB,0.028125
CG3057-PD,0.01735
CG1528-PB,0.68005
CG3610-PA,0.1256
DECOY1_CG5384_1782,0.0913
CG5594-PD,3.2974750000000004
DECOY1_CG5125_1224,0.1385
DECOY1_CG32210_10232,0.5874
CG7283-PA,2.6196
DECOY1_CG18255_5318,0.19205
CG1560-PA,2.1304
CG12008-PC,15.980400000000003
CG7622-PA,0.048275
CG6050-PA,2.0455
CG33208-PD,0.1437904761904762
CG12013-PC,0.9635
CG1796-PA,0.4924
CG10126-PA,0.02525
CG4211-PB,0.12275
DECOY1_CG7421_10672,0.2042
DECOY1_CG32354_8568,0.1713
DECOY0_CG10907_9135,0.1247
DECOY0_CG1910_15423,0.05535
CG4886-PA,0.5044
CG6778-PA,0.1257
CG30116-PC,0.1205
CG2096-PA,0.3237
CG9911-PA,0.028125
CG4260-PA,0.92635
CG12782-PA,0.3926
CG6331-PA,1.5775
CG1924-PA,0.1864
CG32744-PA,0.3534857142857143
CG7823-PA,0.1734
CG7571-PA,1.5401
DECOY1_CG14619_18944,0.1596
DECOY0_CG31224_13269,0.0823
CG31760-PA,0.3645
CG1074-PA,0.2479
DECOY1_CG17816_11422,0.04265
CG5119-PF,0.5085875
CG9579-PA,0.98156
CG11210-PA,1.0852
CG13309-PA,0.0633
CG10417-PB,0.3827
CG8349-PA,0.4167
CG8036-PC,1.1181
CG7610-PB,0.4376333333333333
CG8532-PD,0.012320000000000001
CG17646-PB,0.0098875
CG6846-PA,0.9424
DECOY1_CG6778_9562,0.0628
CG4264-PF,2.868013400809717
DECOY1_CG10042_12222,0.5306
CG17870-PD,0.8009166666666666
DECOY1_CG7504_8494,0.1784
CG4600-PA,2.1921
CG5354-PA,0.9185
DECOY1_CG9696_6336,0.494
CG11811-PA,1.9489
CG4829-PA,0.9687333333333332
DECOY0_CG6928_9181,0.0659
CG9474-PA,0.4533
CG5362-PA,0.8117000000000001
CG9022-PA,3.9623
CG8857-PC,0.1098
DECOY1_CG3917_18642,0.0506
DECOY1_CG9491_1040,0.2642
DECOY1_CG9374_12462,0.015325
CG14206-PB,0.93055
CG9057-PA,0.3526
DECOY1_CG1725_17410,0.018675
CG8233-PA,0.025033333333333335
CG3424-PC,2.9957499999999997
CG3036-PA,0.1159
CG7036-PB,0.63785
DECOY0_CG1894_14871,0.1156
DECOY1_CG7855_12368,0.1532
CG3653-PB,0.3988
CG5363-PA,0.4755
CG9242-PA,0.8813
CG1416-PB,0.31473333333333336
CG3845-PA,0.02915
CG17058-PB,0.47905
CG40373-PA,0.0784
DECOY1_CG6203_11844,0.04555
CG4944-PB,0.10376666666666667
CG12267-PA,0.9627
CG13693-PA,0.4712
DECOY1_CG8964_4584,0.5404
CG18803-PB,1.4373
CG6601-PA,4.8020000000000005
CG11050-PA,0.22793333333333332
CG10033-PA,0.035275
CG11654-PA,0.0703
CG5353-PC,0.7229
CG4365-PB,0.04413333333333333
DECOY0_CG32685_17217,0.1278
CG33162-PA,0.9207
DECOY0_CG8002_18597,0.0748
CG6223-PA,0.8718
CG8715-PB,0.3266
CG33051-PA,0.2879
CG8468-PA,2.1025666666666667
CG4574-PA,0.12538
CG2028-PB,0.10383333333333333
CG9176-PC,0.05555
DECOY0_CG9007_9439,0.855
CG10652-PB,0.7648999999999999
CG11865-PA,0.0843
CG4390-PB,0.4642
CG17544-PA,0.3236
DECOY1_CG2137_3678,0.0784
DECOY1_CG12140_4184,0.2089
DECOY1_CG41065_15692,0.6055
DECOY1_CG32555_18364,0.0786
CG8083-PC,0.017499999999999998
DECOY0_CG11274_9337,0.2006
DECOY0_CG2040_4047,0.3886
CG4881-PB,0.33380000000000004
CG3297-PC,0.6546666666666667
CG16935-PA,0.1235
CG8177-PE,0.6578999999999999
DECOY0_CG18096_2557,0.1942
CG14314-PA,0.1192
CG1771-PA,0.63525
CG8261-PB,0.41342
DECOY0_CG7421_10673,0.702
CG5937-PA,0.2429
CG8759-PB,0.33326666666666666
CG6913-PA,0.4088
CG14217-PD,0.0316
CG33129-PA,0.49515
DECOY1_CG31190_13078,0.1078
CG8156-PD,0.39016
CG5227-PA,0.018525
CG8553-PA,0.40745
DECOY0_CG14013_907,0.3835
CG17759-PF,0.22403499999999998
CG4651-PA,3.8173999999999997
CG17723-PA,0.3992
DECOY1_CG12008_7790,0.0526
CG31305-PA,0.8140166666666666
CG13575-PA,0.0788
CG2248-PA,1.40175
CG32593-PC,1.4583166666666665
CG13661-PA,0.2005
CG1539-PC,0.16315
CG11081-PB,0.313075
CG17530-PA,0.9792
CG9491-PA,0.061
CG7378-PA,0.2142
CG5170-PE,0.27843333333333337
CG11958-PA,1.2673
CG6827-PB,0.11495
CG40000-PA,0.0903
CG5921-PA,0.16665
DECOY0_CG1780_17193,0.0505
DECOY0_CG10203_1151,0.1135
CG6543-PB,0.8069500000000001
CG31118-PA,0.032773684210526316
CG2165-PB,7.4423
DECOY0_CG4995_1787,0.0657
CG14767-PC,0.2898
CG6303-PA,0.0798
DECOY1_CG11143_3644,0.0608
CG3879-PA,0.1305
CG32683-PA,0.8258
DECOY0_CG10734_5375,0.3222
DECOY0_CG11069_14321,0.0708
CG7622-PB,0.048275
DECOY1_CG6449_8954,0.0853
CG13882-PA,0.1832
CG40133-PA,0.2582
DECOY1_CG4019_6786,0.0763
DECOY0_CG10541_8139,0.2668
DECOY0_CG10966_17065,0.2294
CG8427-PA,0.059
CG5112-PA,0.17
CG3161-PA,0.491025
CG4912-PB,0.03085
CG14537-PA,0.0806
CG3129-PA,0.9718
CG1934-PA,0.0683
CG8385-PC,0.5324033333333333
CG5411-PC,0.19834000000000002
CG8256-PC,0.0375
CG9553-PC,0.405325
CG11081-PD,0.622025
CG7563-PA,0.8038333333333334
CG31618-PA,0.2524
CG14321-PA,0.4981
CG18250-PA,0.3234666666666667
CG8029-PA,0.9993000000000001
CG10120-PB,0.39815
CG17248-PC,0.0585
CG7899-PA,0.52965
CG7176-PA,0.8984714285714286
CG5166-PA,0.16
CG8261-PA,0.41342
CG8495-PA,0.9817
CG18290-PB,1.2690342857142858
DECOY0_CG3620_16467,0.0735
CG30360-PB,0.3488
CG5081-PB,0.46945
DECOY0_CG4046_6555,0.0811
CG7176-PF,0.8984714285714286
CG17870-PA,0.30101666666666665
CG3612-PA,5.980500000000001
CG9446-PC,0.32203333333333334
DECOY0_CG12052_4347,0.004276923076923077
CG9186-PB,1.3820000000000001
CG10281-PA,0.0746
DECOY1_CG12299_1894,0.9312
CG5771-PA,2.57515
CG2331-PA,6.37665
CG9012-PB,3.1923250000000003
CG14969-PA,0.9764
CG14259-PA,0.1103
DECOY0_CG4311_5433,0.1537
DECOY0_CG18377_4317,0.1643
DECOY0_CG10701_17049,0.09543333333333333
CG8222-PC,2.2438933333333333
CG33297-PA,0.31553333333333333
CG32593-PA,1.4583166666666665
DECOY1_CG31752_2880,0.0829
DECOY1_CG3980_664,0.1362
CG32369-PA,0.0336
CG7939-PC,0.21816666666666665
CG8306-PA,0.0847
CG4562-PA,1.1867625
CG16801-PA,0.02815
CG7062-PA,0.25207368421052634
CG6148-PB,4.1575999999999995
CG8857-PA,0.1098
CG9285-PA,0.9683999999999999
CG2835-PC,1.6329166666666666
CG7283-PC,0.49895
CG4025-PA,0.1983
CG8532-PC,0.012320000000000001
CG13692-PA,0.1222
CG14736-PA,0.16296666666666668
CG7777-PA,1.4709
CG8732-PC,0.2806
CG4675-PA,0.3595
DECOY1_CG15894_16712,0.0796
CG6988-PA,11.585849999999999
CG18490-PC,0.1225
CG13124-PA,0.03445
CG10279-PE,0.09035454545454545
CG1113-PA,0.1237
CG9373-PA,0.8161
CG5977-PA,0.05395
CG3395-PB,1.4845333333333333
CG3164-PB,1.3946375
CG1354-PB,0.1032
CG32668-PA,0.2739
CG2746-PB,1.43035
CG13388-PA,3.537075
CG8083-PA,0.017499999999999998
CG16944-PC,0.33168333333333333
CG17654-PA,1.00348
CG2849-PA,2.2072333333333334
DECOY0_CG14513_14955,0.0753
CG3595-PA,1.6512
DECOY0_CG6525_12255,0.3567
DECOY1_CG6716_2086,0.5199
CG9155-PA,0.95685
DECOY1_CG4264_12700,0.024300000000000002
DECOY1_CG4881_2002,0.1406
DECOY0_CG2212_16915,0.105
DECOY1_CG33275_8416,0.2064
CG1956-PA,4.8244
CG10701-PA,0.34131
CG13225-PA,0.0837
DECOY0_CG33503_4417,0.1606
CG1683-PA,0.08188333333333334
CG4572-PB,0.9373
DECOY1_CG31266_13042,0.101
CG6302-PA,0.1928
DECOY0_CG40376_19101,0.1788
CG11844-PA,0.04623333333333333
CG2238-PA,3.2639666666666667
CG14816-PA,0.148
CG12101-PB,3.45104
CG2212-PA,0.028
CG4389-PA,0.5351
CG8937-PA,0.23882699055330636
DECOY0_CG9745_11647,0.3679
CG40084-PD,5.58875
CG8479-PA,1.3620999999999999
DECOY0_CG8222_1397,0.05343333333333333
CG17569-PA,0.02765
DECOY1_CG17364_9430,0.3827
CG16901-PC,0.6656666666666666
DECOY0_CG1063_11029,0.1362
DECOY0_CG5214_12023,0.1003
DECOY0_CG1240_7649,0.1338
DECOY1_CG8315_5326,0.0922
CG8177-PG,0.8642444444444444
CG9412-PE,0.19934000000000002
CG11949-PA,3.8588
DECOY0_CG9707_6343,0.2004
CG31161-PA,0.0824
CG2903-PB,0.017766666666666667
CG8416-PF,0.4266
DECOY0_CG3868_9477,0.2075
CG6025-PA,0.7584
CG17331-PA,0.722
DECOY0_CG9786_11553,0.1247
CG6214-PN,1.3872999999999998
CG7619-PA,0.8543
CG8705-PB,1.75135
CG5605-PG,0.10115
CG3059-PA,0.4988
CG6141-PA,0.9114
DECOY1_CG4879_9496,0.1269
CG2096-PB,0.3237
CG15102-PB,0.28065
DECOY0_CG18497_49,0.3872
CG1403-PB,1.48235
CG31116-PA,0.152
DECOY1_CG11198_3790,0.2785
CG3609-PA,0.2426
CG15695-PA,0.7955
CG3127-PA,0.3242
CG4233-PB,0.02765
CG10423-PA,1.8852
CG4198-PA,0.0563
CG18617-PB,6.227683333333333
CG11958-PB,1.2673
DECOY1_CG32145_9508,0.0677
CG14713-PA,0.1642
CG8233-PB,0.025033333333333335
CG5954-PA,0.03295
CG7873-PA,0.3334
CG14476-PD,0.62022
CG5495-PA,0.186
CG9911-PC,0.028125
DECOY1_CG14470_3410,0.152
CG6151-PA,0.9987
CG11624-PA,0.3534857142857143
DECOY0_CG8186_5253,0.247
CG11857-PA,1.2191
CG2204-PF,0.45921333333333336
CG2151-PC,0.638325
CG8715-PA,0.3266
CG12065-PA,0.132625
CG14411-PB,0.02925
DECOY1_CG6343_13782,0.0797
CG8254-PA,0.5782
DECOY1_CG32435_10518,0.1387
CG8588-PC,0.07545
CG6214-PH,1.8060499999999997
DECOY1_CG17724_4846,0.1
CG14254-PA,0.13
CG4996-PA,0.0688
CG4062-PB,0.62805
CG3201-PA,2.8909000000000002
CG11822-PA,0.49605
CG5730-PB,0.2498
CG33297-PC,0.31553333333333333
CG31449-PA,0.1293757085020243
CG13203-PA,0.6915
CG4928-PB,0.4405
CG10595-PC,0.016866666666666665
CG9983-PF,0.28035
DECOY1_CG1842_14872,0.1072
CG6058-PD,0.7174125
CG12156-PA,1.0737
CG8553-PB,0.40745
CG7523-PA,0.9994
CG4429-PC,0.1576
DECOY1_CG3697_16462,0.0572
DECOY1_CG8085_5002,0.14115
DECOY1_CG33196_734,0.9152
CG32000-PG,0.0201
DECOY0_CG9286_12493,0.2652
CG7977-PA,3.0151000000000003
CG3011-PA,2.3565
DECOY1_CG31175_13380,0.3621
CG1753-PA,0.11895
CG3989-PA,1.04915
CG6459-PA,1.3489
CG12502-PA,0.1117
DECOY0_CG3214_415,0.282
CG15252-PA,0.6638
DECOY0_CG16779_11707,0.0922
DECOY0_CG30053_4765,0.2908
CG10598-PA,0.082
CG10640-PA,0.7551
CG6778-PB,0.1257
CG13206-PA,0.4191
CG18140-PA,0.34
DECOY1_CG5367_1800,0.6015
CG10195-PA,0.4708
CG1597-PA,0.0531
CG12051-PA,3.058280952380952
CG8416-PG,0.4266
DECOY0_CG31875_1697,0.2461
CG5954-PB,0.03295
CG5067-PA,0.0824
CG8824-PC,0.3479
CG14194-PA,0.6076
CG9000-PA,1.9371999999999998
CG9429-PA,7.8425
CG1775-PD,0.017475
DECOY1_CG31692_3048,0.1696
CG15697-PB,0.49935
CG4169-PA,2.9438999999999997
DECOY1_CG8453_4620,0.6093
CG14782-PA,0.994
CG10944-PC,1.1554166666666668
DECOY1_CG4141_13538,0.1094
DECOY1_CG10805_1144,0.0545
DECOY1_CG6370_5728,0.517
DECOY0_CG17177_9505,0.0553
CG2929-PB,0.3207666666666667
CG5014-PD,0.238275
CG3268-PA,0.0593
CG7070-PA,3.0454
CG9193-PB,0.99865
CG5174-PB,0.3191333333333333
CG31689-PD,0.0098875
CG1492-PA,0.1066
CG7851-PA,0.148
CG5723-PB,1.8476
CG2512-PB,1.4068333333333334
CG9155-PC,0.95685
CG10691-PB,1.09955
CG16932-PC,0.06693333333333333
CG2207-PB,1.4222000000000001
CG31898-PA,0.0538
CG13776-PA,0.0682
CG14476-PE,0.62022
CG9325-PF,1.7677333333333332
DECOY0_CG7971_7467,0.0348
CG1528-PA,0.68005
CG3242-PA,0.1234
DECOY1_CG14318_13126,0.35650000000000004
DECOY0_CG14994_7887,0.03315
DECOY1_CG30387_6326,0.06205
CG7235-PB,0.59904
CG33485-PA,0.1616
CG3902-PA,1.8170000000000002
CG8468-PB,2.1025666666666667
CG12317-PA,0.4948
DECOY1_CG1658_14924,0.06735
CG1894-PA,0.5148
DECOY1_CG3075_16782,0.2089
DECOY0_CG3508_12615,0.1009
CG2086-PA,0.02625
CG1698-PA,0.3701
CG2238-PB,3.2639666666666667
DECOY1_CG13604_14116,0.0525
DECOY0_CG10192_14083,0.1321
CG7490-PA,3.6679
CG7123-PA,0.0554
DECOY1_CG32346_7214,0.0617
CG7878-PA,0.09035454545454545
DECOY0_CG4267_355,0.1456
CG12775-PA,0.9968
CG3762-PC,1.5856066666666666
DECOY1_CG18654_3754,0.11205
CG5284-PB,0.1768
CG3725-PH,0.5472125000000001
CG10545-PB,0.6021666666666666
CG11876-PD,0.8184
CG32479-PA,0.4635
DECOY1_CG5075_2198,0.0524
CG40461-PA,0.49105
CG10852-PA,0.1617
CG8975-PA,1.0682
CG5394-PA,0.18395
CG8385-PD,0.5324033333333333
CG9277-PB,2.0907261904761905
CG32673-PA,0.08030000000000001
DECOY0_CG5741_8653,0.6832
DECOY0_CG11325_1115,0.11825
CG14217-PE,0.0316
CG11981-PA,0.9925
DECOY0_CG8817_495,0.1902
CG6588-PC,1.1266
DECOY0_CG9422_3493,0.0616
CG7610-PC,0.4376333333333333
CG1009-PC,0.04493333333333333
CG9177-PB,0.12928571428571428
DECOY1_CG12130_4192,1.3669
CG8095-PB,0.4013
CG14617-PA,0.09415
DECOY0_CG1084_10859,0.1424
CG4769-PA,1.1155
CG13887-PB,1.2438
DECOY0_CG17255_17265,0.5986
DECOY0_CG9994_2987,0.2772
CG17760-PA,0.8187
CG14709-PA,19.98977916666667
CG12436-PA,0.1101
CG8588-PA,0.07545
CG15224-PB,0.052259999999999994
CG12004-PA,0.492
CG7829-PA,0.1287
CG10038-PA,0.03435
DECOY0_CG3268_3505,0.1637
CG3752-PA,7.191999999999999
DECOY1_CG6753_12300,0.0576
CG7700-PA,0.9055
CG4260-PB,0.92635
CG1009-PE,0.04493333333333333
CG13717-PA,0.0579
CG9176-PB,0.05555
CG8613-PA,0.3926
CG8843-PA,0.0962
CG10576-PB,0.2346
CG8385-PE,0.5324033333333333
DECOY0_CG17378_1129,0.0649
CG31723-PA,0.1714
CG10602-PA,0.0824
DECOY0_CG6339_6539,0.1973
DECOY1_CG32232_8046,0.0586
CG6806-PA,0.0906
CG9331-PC,0.14798
CG4422-PA,2.8810000000000002
CG9124-PA,0.03585
CG5271-PA,0.3534857142857143
CG4974-PA,0.2225
DECOY1_CG12792_3396,0.24
CG2171-PC,0.3142
DECOY1_CG8400_5340,0.0959
CG3664-PD,0.47868333333333335
CG6253-PA,2.0324
DECOY1_CG9368_10242,0.16185
DECOY0_CG7234_911,0.0696
CG8177-PK,0.7220444444444445
DECOY1_CG2708_11456,0.1274
DECOY0_CG15093_5931,0.0828
DECOY0_CG8841_4651,0.082
DECOY1_CG1792_15398,0.1761
CG4455-PA,0.9847
CG1913-PA,1.4068333333333334
CG9012-PC,3.1923250000000003
CG4898-PL,0.7963
CG5887-PA,0.19741999999999998
CG15224-PA,0.052259999999999994
CG8036-PB,1.1181
CG2918-PA,0.1496
DECOY1_CG9074_14510,0.0655
DECOY1_CG30015_4392,0.12
CG17230-PB,0.07575
CG7282-PA,0.27590000000000003
DECOY1_CG14066_14862,0.03955
CG11577-PA,0.8964
CG17266-PA,0.7695
CG32678-PA,0.08030000000000001
CG8177-PF,0.8642444444444444
CG2701-PA,0.0608
CG15081-PA,0.21953333333333333
CG33157-PD,0.0332
CG2054-PA,10.1844
CG7891-PA,0.4889
CG1539-PA,0.16315
DECOY0_CG31305_12063,0.2828
CG7123-PB,0.0554
CG9847-PA,1.79515
DECOY0_CG7092_18425,0.1212
CG8705-PA,1.75135
CG3333-PA,0.0684
CG17723-PD,0.3992
CG11140-PD,0.285
DECOY0_CG16973_7615,0.04325
DECOY1_CG4165_16576,0.32235
CG16959-PA,0.0412
CG6980-PA,0.6034
CG13610-PA,3.4666
DECOY1_CG11412_16032,0.5999
CG4111-PB,0.4668
CG17259-PA,0.8089
DECOY0_CG10932_16887,0.0809
CG1404-PB,1.44225
CG9983-PE,0.28035
DECOY0_CG13390_1435,0.1571
CG18815-PC,0.33266666666666667
DECOY1_CG10625_8088,0.05715
DECOY1_CG31349_11594,0.31793333333333335
CG32461-PA,0.2972
CG10067-PA,1.2690342857142858
CG4863-PB,0.9823333333333334
CG11154-PA,8.1898
CG2512-PA,1.4068333333333334
CG12366-PA,1.5935000000000001
DECOY1_CG9216_18118,0.06255
DECOY0_CG17766_16143,0.0632
DECOY0_CG16854_1961,0.1381
CG1771-PB,0.63525
CG5384-PA,0.0501
DECOY1_CG1856_15410,0.1328
CG11505-PB,0.03553333333333333
CG4464-PB,0.5299
DECOY1_CG32019_15588,0.28025
DECOY0_CG8103_10297,0.0919
CG6226-PA,1.9162000000000001
CG8983-PB,3.9525499999999996
DECOY0_CG31547_11025,0.1956
CG4581-PA,1.5872000000000002
CG9155-PD,0.95685
CG14796-PA,0.2449
DECOY1_CG14411_17850,0.0533
CG33473-PB,0.1553
CG10701-PJ,0.34131
DECOY0_CG10701_17047,0.09543333333333333
DECOY0_CG17453_5165,0.141
CG9078-PA,1.1252
CG5304-PA,0.1711
CG4863-PE,0.9823333333333334
CG8905-PA,0.9805
CG33208-PG,0.1437904761904762
DECOY0_CG17054_4831,0.0556
CG17759-PG,0.5838183333333333
CG8532-PA,0.012320000000000001
CG4027-PA,3.058280952380952
CG8956-PD,0.5362666666666667
CG1403-PA,2.64745
CG5627-PA,0.0594
CG6264-PA,0.5502
CG16858-PA,0.1822
CG7415-PC,0.3566
CG17598-PA,0.2604
DECOY0_CG40129_15697,0.1044
DECOY0_CG9925_12509,0.0789
DECOY1_CG4257_13506,0.0529
CG17686-PB,0.084325
CG15667-PA,0.13475
DECOY1_CG7372_9642,0.3151
CG5409-PA,0.0374
CG9149-PA,0.1137
DECOY0_CG17786_14177,0.0691
CG5166-PB,0.16
CG31605-PI,0.4603111111111111
CG31196-PB,1.5414916666666667
DECOY1_CG5872_10420,0.7981
CG1691-PA,0.1278125
CG15923-PA,0.0593
CG9177-PD,0.12928571428571428
CG30421-PA,0.0504
CG1519-PA,0.5359
CG7012-PB,0.48075
CG8479-PB,1.3620999999999999
DECOY0_CG6061_4921,0.1402
CG3725-PB,0.5472125000000001
CG1873-PB,1.4251
CG12159-PA,0.42295
DECOY1_CG30344_4026,0.3681
CG6448-PB,0.3743
CG12004-PB,0.492
CG10701-PI,0.34131
CG31136-PA,7.1726
CG2682-PC,0.0818
CG2905-PA,0.0871
DECOY1_CG3665_16448,0.12975
DECOY1_CG31037_15076,0.1479
CG2655-PA,0.0694
CG2204-PI,0.45921333333333336
CG6028-PA,0.2848
CG14341-PB,0.05415
CG7073-PD,0.7338799999999999
CG9968-PA,1.49465
CG12063-PA,0.2212
CG17352-PC,0.04443333333333333
CG18102-PG,0.35268571428571427
CG1691-PC,0.1278125
CG8239-PA,0.0683
CG16932-PB,0.06693333333333333
CG4071-PA,3.69385
DECOY0_CG1840_17517,0.0633
CG8594-PA,2.9535
CG11987-PA,0.3553
DECOY0_CG3805_807,0.0929
CG33491-PA,0.19736
CG1507-PD,0.0906
CG10960-PB,1.6538
CG13388-PB,2.6961749999999998
DECOY0_CG11883_4361,0.2828
CG7961-PA,0.8834500000000001
CG5670-PA,6.656001785714285
CG6963-PE,0.36246
DECOY0_CG7961_7459,1.3348
CG30078-PA,0.0402
CG1088-PA,0.19095
CG5227-PD,0.018525
CG10371-PA,0.404
DECOY1_CG18255_5316,0.24764999999999998
CG5670-PE,3.8758017857142866
CG6180-PA,0.9974
CG5867-PA,0.2325
CG4264-PD,2.868013400809717
CG5232-PA,0.1116
CG12223-PA,0.03846
CG33274-PA,0.384
CG2033-PD,0.705085
CG13281-PA,0.9494
CG1539-PD,0.16315
CG7341-PA,0.4403
CG9216-PB,0.2167
CG5170-PC,0.27843333333333337
DECOY1_CG10550_14430,0.02995
CG30491-PA,0.33246666666666663
CG6698-PA,0.7946
DECOY1_CG9164_17930,0.1085
CG4302-PA,0.978
DECOY0_CG3878_18633,0.02775
CG31305-PJ,0.7610166666666667
CG12609-PB,0.02745
CG10413-PA,1.9137
CG8287-PA,2.386998684210526
CG32593-PF,1.4583166666666665
CG32356-PA,0.0776
CG2204-PD,0.45921333333333336
CG31196-PD,1.5414916666666667
CG12101-PA,3.45104
CG11760-PB,0.1472
CG31605-PC,0.4603111111111111
CG14080-PB,0.1604
CG6084-PA,0.4995
CG4204-PA,0.1063
CG7283-PB,0.24815
CG12262-PA,0.1115
CG5594-PA,2.3425249999999997
DECOY0_CG13622_14235,0.2673
CG1633-PB,2.98575
DECOY0_CG9888_6675,0.2094
CG1502-PA,0.1117
CG4365-PA,0.04413333333333333
CG7036-PA,0.63785
CG17108-PA,0.1946
CG10992-PA,1.7418
CG14638-PA,0.6799
CG17248-PA,0.0585
CG6058-PF,0.7174125
CG8956-PC,0.5362666666666667
DECOY1_CG17816_11424,0.04265
CG9270-PA,0.3681625
CG9177-PA,0.12928571428571428
DECOY0_CG5317_2081,0.5666
DECOY0_CG13360_15961,0.1615
CG17369-PA,2.6876499999999997
CG5075-PA,0.19994
CG5650-PA,0.4874
CG10305-PB,0.44243333333333335
CG9906-PA,0.1864
CG8428-PA,0.56986
DECOY0_CG6543_4971,0.0673
CG1548-PA,3.5109
CG7920-PA,1.6263
CG3620-PB,0.06115
CG9270-PB,0.3681625
CG10701-PH,0.34131
CG16771-PA,4.7909999999999995
DECOY1_CG13840_13932,0.0702
DECOY0_CG7734_4425,0.1004
CG7555-PA,0.411925
DECOY0_CG4771_13919,0.4074
CG31605-PF,0.4603111111111111
CG31510-PA,0.0632
DECOY1_CG40251_18990,0.2912
DECOY0_CG5043_2745,0.077
CG7986-PA,0.15553333333333333
CG18859-PB,0.04785
CG11064-PA,0.4824
CG1651-PD,0.434025
CG5730-PA,0.2498
CG6891-PB,0.387
CG4916-PA,0.36965
CG14476-PC,0.62022
CG11312-PA,0.0644
CG11276-PA,2.1868000000000003
CG12323-PA,0.1394
DECOY1_CG6227_17924,0.085
CG4559-PA,0.3328666666666667
CG2099-PA,0.9041
CG4264-PC,2.868013400809717
CG4389-PB,0.5351
CG31729-PA,1.9299
CG5269-PA,0.9465
DECOY1_CG8581_4714,0.1163
CG16801-PB,0.02815
CG18495-PB,0.24386666666666668
CG4390-PA,0.4642
CG3203-PA,0.245525
CG7899-PB,0.52965
CG31605-PH,0.4603111111111111
DECOY0_CG12110_3459,0.1194
CG17896-PB,0.3585
CG12047-PB,0.0199
DECOY1_CG9676_18236,0.0934
CG2204-PE,0.45921333333333336
DECOY0_CG7747_5419,0.3286
CG13364-PA,0.3073
CG5841-PA,0.1543
DECOY1_CG6863_14276,0.1043
CG10060-PA,2.15518
DECOY0_CG31771_2377,0.8529
DECOY1_CG4264_12702,0.024300000000000002
CG7235-PC,0.59904
CG1709-PH,0.5466425
CG1407-PA,0.3531
CG9476-PA,0.7424
CG5170-PF,0.27843333333333337
DECOY0_CG7311_2303,0.0518
CG5670-PF,3.8758017857142866
CG6214-PI,1.3872999999999998
CG17046-PA,0.40790000000000004
CG1140-PB,0.7208
DECOY1_CG12532_18696,0.2191
CG5170-PA,0.27843333333333337
CG12008-PB,14.980900000000004
DECOY0_CG7462_8427,0.1689
DECOY1_CG18497_50,0.0553
CG17077-PD,0.0571
CG12341-PA,0.2095
CG8615-PA,1.7104
CG4087-PA,1.9958
CG32638-PA,0.4487
CG13417-PA,0.1306
CG10090-PA,0.2929
CG33498-PA,0.19736
CG1740-PA,0.6479
CG15433-PA,0.1024
DECOY0_CG10844_3939,0.31535
CG9847-PB,1.79515
CG8156-PA,0.39016
CG32154-PA,0.1499
CG3297-PA,0.6546666666666667
CG16944-PA,0.6481833333333333
DECOY0_CG8841_4649,0.082
CG31012-PB,0.244475
CG31415-PA,0.5616
CG32438-PD,0.7284
CG1873-PD,1.4251
DECOY1_CG5170_5860,0.03866666666666667
DECOY0_CG18740_12857,0.1259
CG12175-PB,0.7597
CG1453-PD,0.15042
CG17521-PA,0.4937
DECOY1_CG10844_3942,0.0678
DECOY1_CG5170_5856,0.03866666666666667
CG1973-PA,0.0906
CG7578-PB,0.02865
CG5352-PA,0.8253
CG5520-PA,4.0354
DECOY0_CG9097_7321,0.1878
CG3480-PA,0.8171
CG18255-PC,0.0921
CG17870-PE,0.8009166666666666
CG1709-PF,0.6656710714285714
CG8472-PB,2.5011
CG7255-PB,0.01708
DECOY0_CG10144_8243,0.071
CG1422-PA,0.0595
CG10701-PC,0.34131
CG5742-PA,0.3767
CG5554-PA,0.4775
DECOY0_CG9769_10911,0.0571
DECOY0_CG31692_3049,0.387
CG2522-PA,2.8804000000000003
CG2092-PB,0.04275
DECOY1_CG8184_17984,0.6152
CG1453-PC,0.15042
CG1753-PB,0.11895
CG3870-PA,0.032773684210526316
CG10242-PA,0.1286
CG10777-PB,0.43325454545454545
CG3269-PA,6.648499999999999
CG11276-PB,2.1868000000000003
CG4001-PB,0.038266666666666664
DECOY0_CG1421_3307,0.5462
DECOY1_CG2199_7384,0.2206
DECOY0_CG11154_15621,0.0886
CG4944-PA,0.10376666666666667
CG7269-PB,0.017066666666666667
CG9731-PA,0.3053
CG1651-PA,0.434025
CG9153-PB,0.053
DECOY1_CG1662_17700,0.1431
CG8103-PA,0.063
CG1775-PB,0.017475
DECOY0_CG4136_16591,0.2408
CG7736-PD,0.28606666666666664
CG3379-PC,0.248025
CG5411-PE,0.19834000000000002
CG17759-PH,0.5838183333333333
DECOY0_CG7362_12631,0.3605
DECOY0_CG3358_3547,0.12
CG5474-PA,0.7682
DECOY1_CG9691_17190,0.1499
DECOY0_CG10625_8089,0.1128
DECOY0_CG14677_11149,0.2605
CG5809-PA,2.8736
CG7221-PA,1.4711999999999998
CG11901-PB,2.14175
CG5605-PE,0.10115
CG10576-PA,0.2346
CG4908-PB,0.0468
DECOY0_CG9885_399,0.0356
DECOY1_CG3091_16220,0.2251
DECOY0_CG9946_18191,0.0862
CG6214-PK,1.3872999999999998
CG9195-PA,0.9989
DECOY0_CG40190_15689,0.0871
CG4878-PB,0.49415
CG5403-PA,0.33715
DECOY0_CG12052_4343,0.004276923076923077
DECOY1_CG32026_8646,0.0606
DECOY0_CG32146_9497,0.168
CG3002-PB,0.1849
CG9012-PD,3.1923250000000003
CG10279-PC,0.09035454545454545
CG12532-PA,1.3359
CG4464-PA,0.5299
CG10691-PA,1.09955
CG7359-PA,0.8605
CG2987-PA,0.06855
CG2210-PA,1.9495
DECOY1_CG31349_11596,0.31793333333333335
CG15792-PB,3.5380000000000003
CG10724-PB,0.36005
CG7070-PB,3.0454
DECOY0_CG3996_11871,0.092
CG10417-PA,0.3827
CG6821-PA,0.4851
CG17489-PB,1.7370583333333334
CG3725-PG,0.5472125000000001
CG9325-PD,1.7677333333333332
CG3312-PB,0.1756
CG1651-PC,0.434025
DECOY1_CG9015_4524,0.1629
DECOY1_CG31807_2654,0.118
DECOY1_CG16903_16180,0.8675
CG17654-PB,1.00348
CG11148-PB,0.06983333333333333
CG11173-PA,0.0553
CG8893-PA,4.5628
CG6197-PA,0.2586
CG3373-PA,1.7066
DECOY1_CG13813_10356,0.1072
CG2559-PA,0.6313
CG10038-PB,0.03435
CG31116-PC,0.152
CG12002-PE,0.014925
CG17489-PE,0.242225
DECOY1_CG40271_18968,0.1027
CG1527-PA,1.1193000000000002
CG8266-PB,0.31555
DECOY1_CG11449_10716,0.1225
CG6606-PA,0.9162
DECOY0_CG17608_1477,0.061
CG5214-PA,1.2307000000000001
CG1505-PA,0.5327
CG17370-PB,0.03843333333333333
CG31678-PA,0.0933
DECOY0_CG30038_4563,0.169
DECOY1_CG5896_14718,0.9043
CG7334-PA,0.499
CG4869-PA,0.2800095238095238
CG3415-PA,0.2917
CG9375-PA,5.989399999999999
CG7873-PB,0.3334
CG6214-PQ,1.3872999999999998
CG4703-PA,1.9365999999999999
CG12840-PA,1.8576000000000001
DECOY0_CG3081_16491,0.0577
CG16932-PA,0.06693333333333333
CG10305-PC,0.44243333333333335
CG12740-PB,0.5159750000000001
CG12800-PA,0.2914
DECOY0_CG2917_7093,0.2224
CG9282-PA,0.8234
CG7916-PA,0.2055
CG33298-PA,0.5346
CG3161-PD,0.491025
DECOY0_CG4719_14481,0.3976
DECOY1_CG13213_4460,0.9467
CG18743-PA,0.1293757085020243
CG2904-PB,0.03035
DECOY0_CG7867_9463,0.2892
CG10371-PB,0.404
CG1873-PA,1.4251
DECOY1_CG32179_10016,0.3393
CG7111-PA,4.0867
CG17271-PA,0.8167
CG6746-PA,0.9394
CG1358-PB,0.3332
CG31677-PA,0.0589
CG1599-PA,0.9947
DECOY0_CG4995_1785,0.0657
CG5119-PH,0.5085875
DECOY1_CG14541_14536,0.0646
DECOY1_CG7162_10636,0.2974
CG7752-PA,0.9557
CG6341-PA,2.6212
CG6822-PB,0.8315
CG31068-PA,0.0868
CG12002-PC,0.014925
CG9258-PA,3.9697999999999998
CG1531-PB,0.5707
CG5771-PB,2.57515
CG18255-PA,0.0921
CG7635-PA,9.46795
CG8280-PB,4.33115
DECOY1_CG13367_15938,0.1234
DECOY0_CG9596_1083,0.5249
CG11081-PA,0.622025
CG4118-PA,0.09675
CG15083-PA,0.9987
DECOY0_CG7484_10017,0.6744
CG4897-PA,2.7112
CG1347-PB,0.06605
CG4726-PA,4.8395
CG14837-PA,0.0514
CG31004-PA,0.12725
DECOY0_CG32464_10979,0.03585
CG33208-PB,0.1437904761904762
DECOY0_CG9626_11489,0.0536
CG12275-PA,0.333
CG16901-PB,0.6656666666666666
CG16940-PB,0.04036666666666667
CG11666-PA,0.4372
CG14792-PA,2.1113999999999997
CG7176-PB,0.8984714285714286
CG10595-PB,0.016866666666666665
CG13345-PA,0.9683
CG4212-PC,0.6714736842105263
CG31911-PA,1.9482
DECOY1_CG8878_4604,0.7026
CG18250-PB,0.3234666666666667
CG3725-PE,0.5472125000000001
CG2216-PA,0.82954
DECOY1_CG18654_3752,0.11205
DECOY1_CG11975_11610,0.1797
CG10701-PD,0.34131
DECOY1_CG6644_11990,0.055
CG8759-PA,0.33326666666666666
DECOY1_CG3363_6972,0.2365
CG30000-PA,3.4112999999999998
DECOY0_CG32737_16795,0.0893
CG8556-PA,0.30925
DECOY1_CG5160_1228,0.0537
DECOY1_CG31288_14426,0.7151
CG9990-PA,0.13549999999999998
CG7765-PA,0.7232
DECOY1_CG30084_5284,0.0772
CG5182-PA,0.0553
CG6214-PL,1.3872999999999998
CG14685-PB,0.032966666666666665
DECOY0_CG5688_9177,0.1469
DECOY1_CG31094_14494,0.2648
DECOY0_CG12110_3461,0.1194
CG3195-PA,0.5906333333333333
CG5965-PA,0.4239
CG31729-PB,1.9299
CG4863-PA,0.9823333333333334
DECOY1_CG12814_11862,0.2191
DECOY0_CG10948_9301,0.0761
DECOY1_CG14135_9108,0.0502
CG5844-PA,0.9866
CG5670-PD,3.5920875000000003
CG7768-PA,0.3914666666666667
CG7904-PA,0.0513
CG32369-PB,0.0336
CG3658-PA,0.084
CG5175-PB,1.2584
CG8089-PA,0.785
DECOY1_CG17267_13552,0.3577
CG4264-PE,2.868013400809717
CG15133-PA,0.1189
DECOY1_CG1274_7674,0.0833
DECOY0_CG7024_16511,0.0666
DECOY1_CG3921_656,0.8215
CG3979-PA,0.31193333333333334
CG17870-PH,0.30101666666666665
CG10897-PA,0.3198
DECOY1_CG5442_2136,0.1885
CG1742-PA,2.3661
CG9155-PB,0.95685
CG3973-PA,0.0678
CG9100-PC,0.032773684210526316
DECOY0_CG16785_15959,0.0896
CG11897-PB,0.49165
CG14129-PA,0.1477
CG8839-PA,0.8534999999999999
DECOY1_CG1960_7536,0.2746
DECOY0_CG5363_1811,0.1223
CG8415-PA,5.3689
DECOY1_CG4040_17072,0.0732
CG9100-PA,0.032773684210526316
CG1101-PA,0.0792
CG5320-PF,0.841725
CG13131-PA,0.1882
CG14656-PA,0.0521
CG2929-PC,1.0164666666666666
CG8428-PD,0.56986
CG33142-PB,0.22715
CG9553-PD,0.405325
CG31689-PA,0.0098875
DECOY1_CG13588_7050,0.0526
CG1799-PA,0.030533333333333332
CG7058-PA,0.0709
CG8055-PA,1.0629
DECOY0_CG5853_1685,0.6108
DECOY0_CG31916_853,0.232
CG2310-PA,0.49525
DECOY0_CG5442_2137,0.0604
DECOY1_CG2995_15872,0.1688
CG14252-PA,0.1773
CG30015-PB,0.05765
CG10938-PA,0.8996500000000001
DECOY1_CG10704_9240,0.466
CG14362-PA,0.3311
CG1404-PA,1.44225
CG10302-PA,0.0523
CG8362-PA,0.1183
DECOY0_CG17034_4897,0.0278
DECOY1_CG10671_8058,0.1577
CG10186-PA,0.02845
CG13887-PC,1.2438
CG2411-PA,0.8661
DECOY1_CG6669_13934,0.0716
DECOY1_CG5772_1722,0.171
CG18285-PA,0.0955
CG9285-PB,0.9683999999999999
CG13711-PA,0.1117
CG17369-PB,2.6876499999999997
CG11279-PA,0.7101
CG17723-PC,0.3992
CG3210-PA,0.8794
CG11122-PA,0.0765
CG2151-PB,0.638325
CG3711-PA,0.1853
DECOY1_CG3536_6602,0.2603
CG9331-PD,0.14798
CG2204-PC,0.45921333333333336
CG10540-PA,1.8832
CG10033-PB,0.035275
CG10106-PA,0.9877
CG30078-PB,0.0402
CG17320-PA,0.5199
CG5371-PA,1.6165
CG5170-PB,0.27843333333333337
DECOY0_CG4433_13453,0.0527
CG9325-PC,1.2793333333333334
DECOY1_CG7065_17096,0.067
CG10997-PA,0.9868
CG8332-PA,1.52335
DECOY0_CG8498_1371,0.0863
CG17565-PA,0.4232
CG1242-PA,9.350999999999999
CG17285-PA,0.10515
DECOY0_CG3026_15985,0.1773
CG2216-PC,0.82954
DECOY0_CG16992_8393,0.6437
CG9177-PE,0.12928571428571428
CG7033-PA,1.5922666666666665
CG17370-PA,0.03843333333333333
CG6891-PA,0.387
CG12108-PA,2.1816
CG7834-PB,0.49625
CG16953-PA,1.8765
CG4254-PA,3.8687
CG10687-PA,4.107600000000001
CG8416-PD,0.4266
CG33204-PA,0.2789
CG32593-PD,1.4583166666666665
DECOY1_CG16954_2284,0.0662
CG1782-PA,0.9904
CG6214-PE,1.3872999999999998
CG4574-PF,0.12538
CG3883-PA,0.1025
CG2092-PA,0.04275
DECOY1_CG8777_4000,0.1477
DECOY1_CG12486_9676,0.0779
CG1372-PB,0.07955
DECOY1_CG4264_12698,0.024300000000000002
DECOY0_CG1716_17705,0.1248
DECOY1_CG15019_7974,0.147
CG4145-PA,0.13223333333333334
CG12132-PA,1.7302
CG1391-PC,0.19526666666666667
CG10602-PB,0.0824
DECOY1_CG7886_12610,0.2645
CG2075-PA,0.1683
CG15081-PC,0.21953333333333333
CG14792-PB,2.1113999999999997
CG11876-PA,0.8184
DECOY1_CG3654_8782,0.0992
DECOY0_CG32064_8931,0.0687
CG7176-PD,0.8984714285714286
DECOY1_CG11426_10720,0.2074
DECOY1_CG11006_9290,0.0266
CG3458-PA,0.1375
CG8824-PB,0.3479
CG6815-PA,0.2755
CG18173-PA,0.775
CG8339-PA,0.1172
CG14803-PA,0.0714
DECOY0_CG3664_377,0.09353333333333334
CG7668-PA,0.4694
CG17816-PD,0.0975
CG9132-PB,0.6288
CG1318-PB,0.32243333333333335
CG5546-PA,0.0752
CG8200-PA,5.77065
CG9277-PD,1.0960261904761903
CG5424-PD,0.05545
DECOY0_CG31861_2107,0.1985
CG17870-PC,0.30101666666666665
DECOY1_CG7986_8508,0.0527
CG32699-PA,0.058
CG5670-PB,3.8758017857142866
CG10545-PF,0.6021666666666666
CG3297-PB,0.6546666666666667
CG8374-PA,0.0661
CG2310-PB,0.49525
DECOY0_CG12052_4339,0.004276923076923077
CG3195-PB,0.5906333333333333
CG6018-PA,0.6316
CG11665-PA,4.6375
CG4650-PA,0.6007
DECOY0_CG17075_61,0.067
CG14643-PA,0.8177
CG12030-PA,0.8402
CG9331-PA,0.14798
CG1697-PB,0.09053333333333334
DECOY0_CG14299_13295,0.0876
CG4559-PC,0.3328666666666667
CG14061-PA,0.2932
CG1822-PB,0.0324
DECOY1_CG1868_4100,0.2226
CG12223-PD,0.03846
CG15081-PB,0.21953333333333333
CG17521-PB,0.4937
CG17498-PA,0.9408
DECOY0_CG7555_9999,0.1586
DECOY0_CG4311_5431,0.1537
CG5166-PC,0.16
CG11151-PA,0.1448
CG3937-PB,0.49285
CG6214-PM,1.8060499999999997
CG14648-PA,3.04365
CG2706-PA,0.10750000000000001
CG3979-PB,0.31193333333333334
CG14476-PA,0.62022
CG1453-PB,0.15042
DECOY1_CG31189_13612,0.0775
CG1667-PA,0.0579
CG9075-PC,0.487575
CG1372-PA,0.07955
DECOY0_CG32041_8739,0.136
CG4365-PC,0.04413333333333333
CG8778-PA,0.4446
CG1469-PA,1.1996666666666667
CG8364-PB,0.03425
CG8222-PD,2.2438933333333333
CG2682-PA,0.0818
DECOY0_CG11109_10771,0.2535
CG1009-PF,0.04493333333333333
CG12609-PA,0.02745
CG7424-PA,0.9719
DECOY1_CG6392_1990,0.1369
CG40263-PA,0.30995
CG6734-PA,0.6066
DECOY1_CG12702_18708,0.6458
CG8351-PA,0.9186
DECOY0_CG12600_12621,0.1055
CG5004-PA,0.0754
CG2140-PB,0.2916
DECOY1_CG30387_6324,0.06205
CG8261-PC,0.41342
CG10160-PA,2.7762000000000002
CG6912-PA,0.1959
DECOY0_CG32679_17251,0.0686
CG7291-PA,0.9975
CG12142-PA,0.2179
CG17246-PA,0.2594
DECOY0_CG14065_14865,0.23450000000000001
CG1977-PA,50.03350000000001
CG1530-PA,0.3689
CG10742-PA,0.9857
CG7073-PA,0.7338799999999999
CG1257-PA,0.4092
CG12413-PA,0.2049
DECOY1_CG3135_16772,0.477
DECOY1_CG12008_7788,0.0526
CG10944-PA,0.6589666666666667
DECOY0_CG18482_2509,0.0758
CG8261-PE,0.41342
CG3491-PA,0.5044
CG6776-PA,0.1354
CG18290-PA,1.2690342857142858
CG8177-PB,0.8642444444444444
CG3664-PC,0.47868333333333335
CG7068-PA,0.5292
CG17181-PA,0.8444
CG7176-PE,0.8984714285714286
CG4375-PA,0.6567
CG10954-PA,2.575
DECOY1_CG6312_11890,0.1783
CG7622-PD,0.048275
DECOY1_CG5953_2638,0.0817
CG7099-PA,0.0833
CG2168-PA,2.3721666666666668
CG18102-PE,0.019885714285714284
CG33129-PB,0.49515
CG6058-PH,0.7174125
CG8996-PB,1.00895
CG2207-PA,1.4222000000000001
CG6586-PA,0.1241
CG5920-PA,3.7927999999999997
CG10033-PD,0.0551
CG9156-PA,0.4874
CG9256-PB,0.0498
CG18076-PH,0.154
CG17654-PD,1.00348
CG8256-PA,0.0375
DECOY0_CG5151_9735,0.565
CG4655-PA,0.1615
DECOY1_CG12699_5614,0.259
DECOY1_CG9817_17282,0.1093
CG6214-PA,1.3872999999999998
CG12530-PB,1.10185
CG15224-PD,0.052259999999999994
DECOY1_CG11372_12,0.1136
DECOY0_CG10825_13641,0.1034
CG14813-PA,0.9877
DECOY0_CG14041_821,0.1178
CG17723-PE,0.3992
CG12559-PD,0.025033333333333335
CG7507-PB,0.11325
CG8177-PC,0.8642444444444444
DECOY1_CG5685_13604,0.0849
CG5403-PB,0.33715
DECOY0_CG9995_14895,0.5598
CG8887-PA,0.1272
CG7492-PA,0.1417
CG1799-PC,0.030533333333333332
DECOY0_CG11908_14443,0.1796
DECOY0_CG9014_2305,0.0702
CG5413-PB,0.07085
DECOY0_CG6446_5703,0.0541
CG11140-PE,0.285
CG4609-PA,4.22695
CG17390-PA,0.6574
CG31120-PB,0.1031
CG17686-PD,0.084325
CG2107-PA,1.9306
DECOY1_CG11227_18832,0.13805
CG15828-PA,0.03685
CG8728-PA,0.0763
CG8412-PA,0.091
CG1263-PA,1.0806
CG8142-PA,0.2961
CG12141-PA,0.5021
DECOY0_CG1387_16981,0.359
CG4800-PA,3.9969
CG7012-PA,0.48075
DECOY0_CG9498_1045,0.0867
CG8588-PB,0.07545
DECOY1_CG10550_14432,0.02995
CG16940-PA,0.04036666666666667
CG6745-PA,0.3076
DECOY0_CG18076_4981,0.06163333333333334
CG11844-PC,0.04623333333333333
CG3620-PA,0.06115
DECOY1_CG32555_18366,0.0786
CG11718-PA,0.2186
CG9159-PA,1.9708
CG9124-PB,0.03585
CG2065-PA,0.33246666666666663
CG8222-PB,2.2438933333333333
DECOY0_CG5799_6511,0.689
CG6779-PA,6.2206
DECOY1_CG10853_7856,0.3457
CG6476-PC,1.33975
DECOY0_CG13270_2687,0.1113
CG5413-PA,0.07085
DECOY0_CG9774_18211,0.1258
DECOY0_CG17716_4947,0.1911
CG10639-PA,0.1033
DECOY0_CG9664_555,0.0819
CG9186-PA,1.3820000000000001
DECOY0_CG15003_7917,0.07
CG3671-PB,0.7689
CG2331-PB,1.88625
CG12223-PC,0.03846
CG14964-PA,0.1579
CG8937-PD,0.18627435897435898
CG2835-PB,1.1331166666666665
CG1469-PB,1.1996666666666667
CG3922-PB,2.4708
DECOY0_CG12052_4349,0.004276923076923077
CG4921-PB,0.36367368421052637
CG12013-PA,0.9635
CG1697-PC,0.09053333333333334
CG10033-PE,0.0551
CG4264-PB,2.868013400809717
CG3731-PA,0.95885
CG5045-PA,0.9502
CG7989-PA,0.0677
CG2849-PC,2.2072333333333334
CG4688-PA,0.0805
DECOY0_CG3339_14757,0.1042
CG5670-PG,3.8758017857142866
CG3991-PD,0.1532
DECOY1_CG1725_17416,0.018675
CG7668-PB,0.4694
DECOY1_CG7843_3438,0.267
CG6193-PA,0.1662
CG5405-PC,0.06673333333333333
DECOY1_CG10844_3940,0.0678
CG2998-PA,0.4426
CG8251-PB,0.3276
CG6095-PA,0.037
CG2206-PB,0.3515
CG11148-PA,0.06983333333333333
CG1866-PB,0.0272
DECOY0_CG2241_15259,0.2183
CG12990-PA,0.4239
CG31196-PC,1.5414916666666667
CG15792-PA,3.317
DECOY0_CG11325_1113,0.11825
CG6092-PA,0.0851
CG17799-PA,0.3833
DECOY0_CG8833_9419,0.2
DECOY1_CG5549_6834,0.27
CG11901-PA,2.14175
CG2520-PA,0.051
CG2986-PB,0.2227
CG4147-PB,2.8776403238866397
DECOY1_CG4439_5462,0.0862
CG1828-PB,0.32995
CG10701-PF,0.34131
CG5730-PC,0.2498
CG4244-PB,0.017533333333333335
CG5847-PA,0.0828
CG1691-PD,0.14939249999999998
CG8222-PF,2.0658333333333334
DECOY1_CG4841_2716,0.0888
DECOY1_CG11905_9908,0.5472
DECOY0_CG1109_11089,0.0769
CG3653-PA,0.3988
DECOY1_CG6043_2246,0.1273
CG9553-PB,0.405325
CG8095-PA,0.4013
CG1893-PA,2.3544
CG6871-PA,3.7884
CG1883-PB,1.23795
DECOY0_CG3632_18139,0.4397
CG5014-PB,0.5655416666666666
CG9012-PA,3.1923250000000003
DECOY1_CG14506_15000,0.1783
CG4233-PA,0.5471499999999999
CG10622-PA,0.167
CG33496-PA,0.19736
DECOY1_CG6238_14332,0.1384
DECOY0_CG13598_14089,0.0897
DECOY1_CG3253_6956,0.0851
CG2204-PG,0.45921333333333336
CG8428-PC,0.56986
CG10279-PA,0.09035454545454545
DECOY1_CG12864_5108,0.1387
CG9148-PB,0.5051666666666668
CG6214-PB,1.3872999999999998
CG6827-PA,0.11495
CG30203-PA,0.0613
CG31884-PA,0.4986
DECOY0_CG6630_1253,0.8695
DECOY0_CG6539_8927,0.2026
CG8042-PA,1.2774
CG32552-PA,0.0778
CG31689-PC,0.0098875
CG3661-PA,1.9982
CG15326-PA,0.5458
DECOY1_CG4356_6990,0.2934
CG9412-PD,0.19934000000000002
CG5798-PA,0.4397
CG15365-PA,0.0569
CG10975-PA,0.60165
DECOY0_CG32055_8913,0.0679
DECOY1_CG13761_16264,0.0776
CG10444-PA,4.9371
CG16944-PB,0.6481833333333333
CG18476-PA,0.3823
CG5695-PB,0.14395
DECOY0_CG6355_5733,0.2493
CG5119-PB,0.5085875
CG9888-PA,0.9526
DECOY1_CG32377_8426,0.5799
DECOY1_CG31159_13888,0.1091
CG1167-PA,1.9214
CG9248-PA,0.4992
CG9660-PA,0.0502
CG5945-PA,0.8431
DECOY1_CG2969_700,0.1979
DECOY0_CG12052_4345,0.004276923076923077
DECOY1_CG1372_17800,0.161
CG5670-PC,3.8758017857142866
CG11466-PB,0.4835
DECOY0_CG11267_9325,0.101
DECOY1_CG10691_2942,0.1507
CG2171-PA,0.3142
CG33208-PH,0.1437904761904762
DECOY1_CG33235_17436,0.263
DECOY1_CG13788_1244,0.0701
CG5175-PA,1.2584
DECOY0_CG8839_4659,0.14955
CG3861-PB,0.34635
CG8416-PC,0.4266
DECOY0_CG1258_7937,0.185
CG5424-PB,0.05545
CG9100-PB,0.032773684210526316
DECOY0_CG8839_4657,0.14955
CG3258-PA,0.3076
CG10545-PA,0.6021666666666666
DECOY0_CG32549_18483,0.0828
CG11081-PC,0.313075
DECOY1_CG9709_6344,0.9352
CG7563-PB,2.7119333333333335
CG4574-PD,0.12538
CG17645-PA,0.0862
DECOY0_CG32346_7213,0.47775
DECOY0_CG1462_15319,0.0562
CG3731-PB,0.95885
CG14997-PB,0.0765
CG4931-PA,0.2004
CG8759-PC,0.33326666666666666
DECOY0_CG1910_15421,0.05535
CG3353-PA,0.2016
CG11140-PI,0.285
CG31305-PI,1.2535666666666665
CG14476-PB,0.62022
DECOY1_CG31285_13844,0.3452
CG18102-PD,0.35268571428571427
CG17489-PA,1.7370583333333334
DECOY1_CG7122_18432,0.1096
CG30054-PB,0.09981
DECOY1_CG6315_4958,0.0906
CG17386-PA,0.1213
CG8156-PB,0.39016
CG7576-PA,0.032773684210526316
CG5014-PC,0.5655416666666666
CG5823-PA,0.1857
CG18102-PF,0.35268571428571427
CG30099-PA,0.0846
CG5887-PD,0.19741999999999998
DECOY0_CG12052_4337,0.004276923076923077
CG7481-PA,0.3027
CG2916-PB,0.33046666666666663
CG17024-PA,0.42705
CG11880-PA,0.33873333333333333
DECOY0_CG7999_8509,0.0638
CG14224-PA,0.0538
CG8977-PA,0.99745
CG1845-PA,0.0842
CG8912-PC,0.020033333333333334
CG30015-PA,0.05765
CG8996-PA,1.00895
CG3969-PB,0.0257
DECOY0_CG1915_7547,1.0933
DECOY1_CG13777_1192,0.1474
DECOY0_CG4758_1701,0.4508
CG8261-PD,0.41342
CG30035-PB,0.0277
DECOY0_CG1101_11313,0.2632
CG14001-PA,0.6019
CG1803-PB,0.017525
CG9177-PF,0.12928571428571428
DECOY1_CG6512_9952,0.5111
CG18005-PA,0.2344
CG7372-PA,0.1034
CG5394-PB,0.18395
DECOY0_CG10948_9303,0.0761
CG13388-PD,3.361875000000001
DECOY0_CG32577_18119,0.2488
CG9261-PD,2.5263999999999998
DECOY0_CG7813_5463,0.5776
CG14939-PA,0.2605
CG9807-PA,0.08030000000000001
DECOY1_CG3733_510,0.0549
DECOY1_CG9653_16842,0.9842
CG12159-PB,0.42295
CG9066-PA,0.9834
CG30391-PA,0.6238
CG8201-PB,0.0973
CG1318-PD,0.32243333333333335
CG4916-PB,0.36965
CG6370-PA,1.9983
DECOY0_CG31048_14913,0.0957
CG10166-PA,0.9288
CG10129-PA,0.0965
CG4145-PB,0.13223333333333334
DECOY0_CG7971_7469,0.0348
CG5870-PA,12.378199999999996
DECOY0_CG6133_16443,0.0548
CG5374-PB,0.49605
DECOY0_CG7815_9597,0.0741
CG5521-PA,0.4406
CG11027-PA,0.3328833333333333
CG1821-PA,0.4106333333333333
CG33103-PB,0.0391
CG7777-PB,1.4709
CG7837-PA,0.1282
DECOY0_CG10697_2939,0.1939
DECOY1_CG32702_17156,0.1527
CG18635-PA,0.0582
CG4797-PB,0.44765
CG33303-PA,0.2186
DECOY0_CG10631_3045,0.4014
DECOY1_CG8274_4554,0.0719
CG9035-PA,0.9787
DECOY0_CG3878_18635,0.02775
CG9318-PA,1.9205
DECOY0_CG8266_3945,0.0667
CG17923-PA,0
CG8470-PA,0.0504
CG5119-PG,0.5085875
CG12279-PA,0.7928
CG17686-PA,0.084325
DECOY1_CG3606_18134,0.1283
CG10999-PB,0.29525
CG6850-PA,1.1558000000000002
CG7255-PC,0.01708
CG12065-PC,0.132625
CG5014-PA,0.5655416666666666
CG7642-PA,0.0902
CG18815-PB,0.33266666666666667
CG4841-PA,0.0504
CG12047-PC,0.0199
CG1886-PA,0.8584
CG7808-PB,1.6128666666666664
DECOY1_CG4088_4850,0.6475
CG31605-PA,0.4603111111111111
CG7734-PD,0.17515
CG10602-PD,0.0824
DECOY1_CG9696_6334,1.1389
DECOY0_CG9012_18029,0.06085
CG11898-PA,0.1927
CG1453-PA,0.15042
DECOY0_CG10041_12221,0.1272
CG8532-PB,0.012320000000000001
DECOY1_CG11533_15546,0.3791
CG31689-PB,0.0098875
CG18518-PA,0.1563
CG5590-PA,0.6864
CG5119-PE,0.5085875
CG7507-PA,1.1027500000000001
CG13162-PA,0.5907
DECOY1_CG13972_14768,0.1893
CG2530-PA,0.7774
CG4574-PC,0.12538
CG17866-PA,0.2982
CG11401-PA,0.183425
CG13185-PA,0.2065
DECOY1_CG15445_18860,0.23285
CG2919-PA,0.1286
CG2151-PA,0.638325
CG33096-PB,1.7761
DECOY1_CG15445_18858,0.23285
CG8486-PB,3.3082000000000003
CG5284-PA,0.1768
DECOY1_CG3479_2420,0.0623
CG10853-PA,0.0729
CG18495-PA,0.24386666666666668
CG8839-PE,0.8534999999999999
DECOY1_CG8127_10060,0.6354
CG9075-PD,0.487575
CG9577-PA,0.6076
CG7255-PE,0.01708
CG2967-PA,0.2597
DECOY1_CG5248_13892,0.0274
DECOY0_CG12396_2261,0.289
CG40190-PA,0.2236
CG9983-PD,0.28035
CG6937-PA,0.0664
DECOY1_CG6513_9442,0.1106
CG10701-PB,0.34131
CG4038-PA,0.5334
DECOY0_CG2082_11109,0.1148
CG9366-PA,0.5154
DECOY0_CG9395_2259,0.147
CG2140-PA,0.2916
CG4164-PA,0.9864
DECOY1_CG1494_18874,0.0895
CG1737-PA,0.5596
CG33252-PA,0.1626
CG32512-PA,0.1241
CG1709-PG,0.8020244047619047
CG1866-PA,0.0272
DECOY0_CG13316_16389,0.0913
CG5336-PA,0.1593
CG14812-PA,1.1058
CG1709-PE,0.6656710714285714
CG11522-PB,0.4996
DECOY1_CG4743_14486,0.3418
CG15102-PA,0.28065
CG17285-PB,0.10515
CG15009-PA,0.22859999999999997
DECOY1_CG12905_4282,0.2495
CG12650-PB,0.1791
CG15009-PC,0.22859999999999997
CG1391-PD,0.19526666666666667
DECOY1_CG11227_18830,0.13805
CG2637-PA,0.079
CG12086-PA,0.9974
CG14237-PA,0.1408
CG12846-PA,1.9928
CG31359-PA,0.1293757085020243
CG10418-PA,0.1129
DECOY1_CG4274_2608,0.1174
CG1539-PF,0.16315
CG4265-PA,0.3873
DECOY0_CG3696_55,0.133
DECOY1_CG1856_15408,0.1328
CG1703-PA,0.2081
DECOY0_CG1616_3663,0.1421
CG14685-PC,0.032966666666666665
CG8231-PA,1.3692
CG3760-PB,0.9106
DECOY1_CG30483_5010,0.5966
DECOY1_CG12983_10498,0.1243
DECOY1_CG11081_15614,0.09255
DECOY0_CG8207_5271,0.3152
CG12210-PA,0.9984999999999999
DECOY1_CG1063_11028,0.1876
DECOY1_CG14709_12064,0.1264
DECOY1_CG13784_1210,0.2748
DECOY1_CG7986_8506,0.0527
DECOY0_CG11988_11627,0.7324
DECOY1_CG1454_14902,0.5933
CG1088-PB,0.19095
DECOY1_CG32636_17682,0.1167
CG14736-PC,0.16296666666666668
CG1775-PC,0.017475
CG14221-PA,0.0589
CG7073-PC,0.7338799999999999
CG2904-PA,0.03035
CG2960-PA,0.3534857142857143
CG1775-PA,0.017475
CG1140-PA,0.7208
CG4212-PA,0.6714736842105263
CG6649-PA,0.1129
CG17686-PC,0.084325
CG12740-PA,0.5159750000000001
CG4584-PA,1.4924
CG5320-PA,0.841725
CG3725-PA,0.5472125000000001
CG3937-PD,1.5974000000000002
DECOY1_CG9655_10182,0.19385
CG8332-PB,0.58475
CG32000-PB,0.0201
CG12013-PD,0.9635
CG14715-PA,1.9773999999999998
CG9177-PC,0.12928571428571428
CG32593-PE,1.4583166666666665
CG2964-PA,0.065
DECOY0_CG16786_6949,0.0508
CG2165-PA,7.4423
CG4147-PC,2.8776403238866397
DECOY0_CG8431_5371,0.1
CG7768-PB,0.3914666666666667
CG9285-PC,0.9683999999999999
DECOY0_CG7261_329,0.6779999999999999
CG6697-PA,0.8358
DECOY0_CG13859_13809,0.1087
CG9325-PA,1.7677333333333332
CG17654-PE,1.00348
CG4264-PA,2.868013400809717
CG31605-PB,0.4603111111111111
CG10126-PB,0.02525
DECOY1_CG1514_16900,0.0862
CG7380-PA,0.8833
CG2746-PA,1.43035
CG6822-PA,0.8315
CG6424-PB,0.0442
CG5887-PE,0.19741999999999998
CG1214-PA,0.1671
CG4494-PA,1.918
DECOY1_CG6522_5644,0.0885
CG10033-PC,0.0551
DECOY1_CG32680_17276,0.0873
CG16944-PD,0.33168333333333333
CG17759-PA,0.5838183333333333
CG17058-PA,0.47905
DECOY0_CG7972_8495,0.4711
CG5405-PA,0.06673333333333333
DECOY1_CG10521_17840,0.7443
DECOY0_CG32356_8555,0.2025
CG18041-PA,0.0515
CG10305-PA,0.44243333333333335
CG15101-PA,0.6666
DECOY0_CG3249_16575,0.0367
CG8839-PD,0.8534999999999999
DECOY1_CG3493_6724,0.1152
DECOY0_CG3992_12861,0.0686
DECOY0_CG8787_5089,0.1065
CG10405-PA,0.9139
CG10811-PA,0.1842
CG11001-PA,1.9927
DECOY0_CG6819_12305,0.5519
CG10033-PG,0.0551
CG8581-PB,1.10165
DECOY0_CG14994_7889,0.03315
CG8177-PD,0.6578999999999999
CG8468-PC,2.1025666666666667
DECOY1_CG18255_5322,0.0807
CG5227-PC,0.018525
CG10903-PA,0.3977
DECOY1_CG17255_17266,0.0843
CG18490-PB,0.1225
CG7627-PA,11.7676125
CG17286-PA,0.1263
CG10938-PB,0.8996500000000001
CG3203-PC,0.245525
CG16959-PB,0.0412
DECOY0_CG3160_16613,0.2979
CG6214-PP,1.3872999999999998
DECOY0_CG1250_11083,0.0596
DECOY1_CG7563_6040,0.1716
CG7939-PA,0.21816666666666665
CG1666-PA,0.4659
CG17896-PA,0.3585
DECOY0_CG12304_9631,0.0811
CG2064-PA,1.3293666666666666
CG10279-PB,0.09035454545454545
CG10724-PA,0.36005
CG2662-PA,0.1021
DECOY1_CG5993_18468,0.8398
CG7808-PC,1.6128666666666664
CG31731-PA,2.219
CG5510-PA,1.7746
CG8639-PA,0.4925
CG33208-PE,0.11765714285714285
CG2033-PA,0.705085
DECOY0_CG10918_18911,0.02725
CG10737-PC,0.19505
CG1416-PA,0.31473333333333336
CG7806-PA,1.3877000000000002
CG17759-PD,0.22403499999999998
DECOY0_CG32743_16785,0.9763
CG16711-PA,0.22835
CG17949-PA,1.46715
CG30382-PA,0.24386666666666668
CG1009-PD,0.04493333333333333
CG9331-PB,0.14798
CG33101-PA,0.775
CG1799-PB,0.030533333333333332
CG4637-PA,0.669
CG8008-PA,0.5538
CG5105-PA,0.106
DECOY0_CG32464_10981,0.03585
CG1105-PA,0.1573
CG1971-PB,0.0578
CG1828-PA,0.32995
CG9075-PA,0.487575
CG12223-PB,0.03846
DECOY1_CG18251_850,0.2178
CG31749-PA,0.7047
CG9941-PA,0.1016
CG33120-PA,0.6595
DECOY1_CG3665_16450,0.12975
CG31366-PA,0.1293757085020243
DECOY0_CG14625_16011,0.2029
CG12052-PP,0.0838
CG9331-PE,0.14798
CG4572-PA,0.9373
CG33298-PB,0.5346
CG1616-PA,0.3653
CG3845-PB,0.02915
CG10077-PA,0.09035454545454545
CG9543-PA,0.3847
CG7845-PA,0.1032
DECOY1_CG6091_9088,0.1377
CG8912-PB,0.020033333333333334
CG15784-PA,0.9996
CG4898-PI,0.04595
CG2028-PC,0.10383333333333333
CG8266-PA,0.31555
CG10833-PA,0.8807
CG4797-PA,0.44765
CG3671-PA,0.7689
CG17759-PC,0.5838183333333333
CG6643-PA,0.11615
CG5800-PA,0.0792
DECOY1_CG4551_2392,0.2523
CG4111-PA,0.4668
CG5081-PA,0.46945
DECOY0_CG30092_6599,0.2677
DECOY1_CG6265_14690,0.262
DECOY0_CG7986_8507,0.4372
DECOY1_CG7295_296,0.1115
CG5330-PA,0.9996
CG8782-PA,0.3183
CG31004-PB,0.12725
CG9325-PE,1.7677333333333332
CG13391-PB,0.5103
CG3305-PA,1.6655
DECOY0_CG16918_14857,0.1149
CG10277-PA,0.2849333333333333
CG17158-PA,0.5048
CG32343-PA,0.1335
CG12008-PA,14.980900000000004
CG9983-PA,0.28035
CG11140-PB,0.285
CG3762-PA,1.5856066666666666
CG12769-PB,0.3783
CG6598-PA,0.9925
CG1709-PA,0.6656710714285714
DECOY1_CG9038_18036,0.2359
CG3979-PC,0.31193333333333334
CG6230-PA,0.9942
CG4211-PA,0.12275
CG4281-PA,0.0612
CG30035-PA,2.281
CG14648-PB,1.08375
DECOY0_CG40477_19177,0.2883
CG8486-PA,3.3082000000000003
CG1691-PG,0.14939249999999998
CG12505-PA,0.4871
CG15671-PA,0.1099
DECOY1_CG31827_2532,0.0641
CG13569-PA,0.0685
CG10960-PA,0.6545000000000001
CG1633-PA,2.98575
CG5174-PA,0.3191333333333333
CG11505-PA,0.03553333333333333
CG18102-PC,0.019885714285714284
CG6554-PA,0.9056
CG6643-PB,0.11615
CG4829-PC,0.9687333333333332
CG11897-PA,0.49165
CG12210-PB,1.6129
CG8977-PB,0.99745
DECOY1_CG7843_3436,0.267
CG18554-PA,0.1358
CG15099-PA,1.1125
CG7033-PB,1.5922666666666665
DECOY1_CG14736_12188,0.1638
DECOY1_CG15828_1626,0.3184
CG13388-PC,2.6961749999999998
CG3508-PB,0.059
CG10077-PB,0.09035454545454545
CG10545-PD,0.6021666666666666
CG4572-PC,0.9373
CG3195-PC,0.5906333333333333
DECOY0_CG18682_15169,0.0762
CG15012-PB,0.9965
CG11050-PC,0.22793333333333332
DECOY1_CG4123_9830,0.0815
DECOY1_CG7885_2332,0.387
CG7462-PB,0.2743
CG33208-PF,0.1437904761904762
DECOY1_CG10733_8192,0.2902
CG2986-PD,0.2227
CG17870-PB,0.30101666666666665
CG5887-PC,0.19741999999999998
CG10737-PD,0.19505
CG7092-PA,0.1001
DECOY0_CG10230_14061,0.1452
CG14414-PB,0.1743
CG12352-PA,0.2154
CG8233-PC,0.025033333333333335
CG32815-PA,0.0619
DECOY0_CG17379_14013,0.2301
CG7986-PC,0.15553333333333333
CG6915-PA,0.2929
CG5178-PA,1.1262342857142855
CG1821-PB,0.4106333333333333
CG10079-PA,0.05085
CG15009-PB,0.22859999999999997
CG1763-PA,0.0726
DECOY0_CG9885_397,0.0356
DECOY1_CG7968_2342,0.0817
DECOY1_CG4699_12812,0.1311
CG9256-PA,0.0498
CG6525-PA,0.45799999999999996
CG32473-PA,0.7808
DECOY1_CG4290_16166,0.0721
CG16940-PC,0.04036666666666667
CG12317-PB,0.4948
CG2791-PA,13.613000000000001
DECOY1_CG14066_14864,0.03955
CG15224-PC,0.052259999999999994
CG6988-PD,2.2393
DECOY1_CG5794_14256,0.2462
CG1416-PC,0.31473333333333336
DECOY1_CG10123_3008,0.22149999999999997
CG3057-PA,0.01735
CG9412-PB,0.19934000000000002
CG8251-PA,0.3276
CG31009-PA,0.0773
DECOY0_CG30061_4903,0.1547
DECOY0_CG9806_17285,0.0845
CG5411-PD,0.19834000000000002
DECOY1_CG12753_12928,0.145
DECOY0_CG3249_16573,0.0367
CG17646-PA,0.0098875
CG10670-PA,0.3044
DECOY0_CG7008_7219,0.265
CG7176-PC,0.8984714285714286
DECOY1_CG1890_15418,0.103
CG11140-PF,0.285
CG3203-PD,0.245525
DECOY0_CG5237_13357,0.0526
DECOY1_CG6203_11842,0.04555
DECOY1_CG12948_11778,0.2472
DECOY1_CG5048_9502,0.0636
CG2086-PB,0.02625
CG6964-PA,0.02215
CG17489-PD,0.242225
CG6684-PB,1.12195
CG14535-PA,0.1854
CG6963-PB,0.36246
CG6588-PA,1.1266
DECOY1_CG9009_17876,0.1051
